episode,sample_mean,Expected SARSA,Risk-aware Q-learning
1,365.2,370.7,359.7
2,346.2,372.7,319.7
3,364.2,368.7,359.7
4,406.7,445.7,367.7
5,345.2,339.7,350.7
6,373.7,377.7,369.7
7,372.7,366.7,378.7
8,364.7,369.7,359.7
9,359.2,359.7,358.7
10,396.7,409.7,383.7
11,363.2,367.7,358.7
12,373.2,359.7,386.7
13,359.7,359.7,359.7
14,386.2,407.7,364.7
15,349.2,329.7,368.7
16,359.2,359.7,358.7
17,364.2,369.7,358.7
18,409.7,358.7,460.7
19,392.2,413.7,370.7
20,364.2,358.7,369.7
21,359.7,358.7,360.7
22,368.2,376.7,359.7
23,375.2,369.7,380.7
24,379.7,389.7,369.7
25,359.7,359.7,359.7
26,359.7,360.7,358.7
27,364.2,370.7,357.7
28,359.2,359.7,358.7
29,363.2,365.7,360.7
30,359.2,358.7,359.7
31,359.2,358.7,359.7
32,364.2,367.7,360.7
33,375.7,389.7,361.7
34,384.2,389.7,378.7
35,379.7,388.7,370.7
36,369.2,369.7,368.7
37,368.7,357.7,379.7
38,359.7,357.7,361.7
39,371.2,359.7,382.7
40,344.7,369.7,319.7
41,349.2,358.7,339.7
42,365.7,361.7,369.7
43,403.7,360.7,446.7
44,384.7,379.7,389.7
45,360.7,359.7,361.7
46,374.2,379.7,368.7
47,363.2,358.7,367.7
48,384.2,389.7,378.7
49,369.7,359.7,379.7
50,374.7,359.7,389.7
51,364.7,369.7,359.7
52,358.7,358.7,358.7
53,371.7,375.7,367.7
54,364.2,359.7,368.7
55,373.7,388.7,358.7
56,369.7,379.7,359.7
57,365.2,359.7,370.7
58,359.2,359.7,358.7
59,342.2,324.7,359.7
60,359.2,359.7,358.7
61,374.2,379.7,368.7
62,359.2,358.7,359.7
63,388.2,416.7,359.7
64,369.7,378.7,360.7
65,365.2,361.7,368.7
66,364.2,368.7,359.7
67,390.2,369.7,410.7
68,376.7,356.7,396.7
69,384.2,386.7,381.7
70,390.2,370.7,409.7
71,359.2,358.7,359.7
72,383.2,364.7,401.7
73,380.2,390.7,369.7
74,374.2,359.7,388.7
75,344.7,360.7,328.7
76,377.2,359.7,394.7
77,358.2,389.7,326.7
78,359.2,368.7,349.7
79,325.7,321.7,329.7
80,349.2,358.7,339.7
81,374.2,378.7,369.7
82,359.7,359.7,359.7
83,369.2,368.7,369.7
84,374.2,389.7,358.7
85,359.2,358.7,359.7
86,363.2,358.7,367.7
87,373.2,357.7,388.7
88,378.7,388.7,368.7
89,369.7,368.7,370.7
90,359.7,359.7,359.7
91,374.2,389.7,358.7
92,359.2,360.7,357.7
93,373.7,368.7,378.7
94,372.7,378.7,366.7
95,386.7,392.7,380.7
96,360.7,359.7,361.7
97,348.2,376.7,319.7
98,374.2,389.7,358.7
99,399.2,369.7,428.7
100,369.2,358.7,379.7
101,365.2,360.7,369.7
102,365.2,360.7,369.7
103,362.7,361.7,363.7
104,364.7,358.7,370.7
105,370.7,380.7,360.7
106,346.2,370.7,321.7
107,371.2,366.7,375.7
108,359.7,361.7,357.7
109,351.2,375.7,326.7
110,386.7,388.7,384.7
111,372.2,380.7,363.7
112,369.2,358.7,379.7
113,379.7,360.7,398.7
114,344.7,369.7,319.7
115,369.7,380.7,358.7
116,364.2,358.7,369.7
117,379.2,359.7,398.7
118,368.2,367.7,368.7
119,369.2,378.7,359.7
120,360.2,359.7,360.7
121,369.2,369.7,368.7
122,344.7,320.7,368.7
123,366.2,373.7,358.7
124,369.2,367.7,370.7
125,363.2,359.7,366.7
126,359.2,329.7,388.7
127,378.2,396.7,359.7
128,353.7,388.7,318.7
129,360.2,360.7,359.7
130,364.2,360.7,367.7
131,379.2,370.7,387.7
132,381.2,379.7,382.7
133,419.2,464.7,373.7
134,364.7,359.7,369.7
135,379.2,358.7,399.7
136,380.2,399.7,360.7
137,373.7,387.7,359.7
138,369.7,359.7,379.7
139,369.7,378.7,360.7
140,378.7,387.7,369.7
141,373.7,388.7,358.7
142,376.7,393.7,359.7
143,375.7,388.7,362.7
144,363.7,360.7,366.7
145,355.2,367.7,342.7
146,360.2,359.7,360.7
147,370.2,369.7,370.7
148,373.2,377.7,368.7
149,355.2,359.7,350.7
150,339.2,318.7,359.7
151,350.2,370.7,329.7
152,369.2,359.7,378.7
153,366.7,358.7,374.7
154,374.2,368.7,379.7
155,399.2,439.7,358.7
156,363.7,367.7,359.7
157,359.7,359.7,359.7
158,372.2,374.7,369.7
159,369.7,379.7,359.7
160,364.2,359.7,368.7
161,360.2,358.7,361.7
162,346.7,334.7,358.7
163,369.7,359.7,379.7
164,373.7,368.7,378.7
165,369.7,359.7,379.7
166,386.2,394.7,377.7
167,359.7,360.7,358.7
168,363.7,358.7,368.7
169,365.7,360.7,370.7
170,383.7,367.7,399.7
171,345.7,360.7,330.7
172,379.2,389.7,368.7
173,349.2,320.7,377.7
174,359.7,358.7,360.7
175,396.7,393.7,399.7
176,359.2,358.7,359.7
177,354.7,388.7,320.7
178,364.7,369.7,359.7
179,374.2,358.7,389.7
180,364.7,359.7,369.7
181,364.7,359.7,369.7
182,376.7,383.7,369.7
183,366.2,368.7,363.7
184,378.2,396.7,359.7
185,365.2,370.7,359.7
186,356.7,379.7,333.7
187,374.2,369.7,378.7
188,364.2,358.7,369.7
189,369.2,367.7,370.7
190,377.7,376.7,378.7
191,364.7,359.7,369.7
192,362.7,365.7,359.7
193,363.7,367.7,359.7
194,373.7,367.7,379.7
195,369.2,377.7,360.7
196,369.2,379.7,358.7
197,369.2,359.7,378.7
198,370.2,369.7,370.7
199,383.2,386.7,379.7
200,369.7,359.7,379.7
201,365.2,360.7,369.7
202,359.7,359.7,359.7
203,369.2,358.7,379.7
204,390.2,376.7,403.7
205,384.2,399.7,368.7
206,368.7,358.7,378.7
207,369.2,359.7,378.7
208,388.2,398.7,377.7
209,381.2,403.7,358.7
210,371.7,378.7,364.7
211,364.7,369.7,359.7
212,365.2,358.7,371.7
213,373.7,366.7,380.7
214,363.7,358.7,368.7
215,371.2,369.7,372.7
216,365.2,358.7,371.7
217,391.7,413.7,369.7
218,361.7,361.7,361.7
219,349.2,358.7,339.7
220,349.7,319.7,379.7
221,360.2,360.7,359.7
222,326.7,321.7,331.7
223,343.7,368.7,318.7
224,364.7,389.7,339.7
225,368.2,367.7,368.7
226,359.7,359.7,359.7
227,384.7,399.7,369.7
228,345.2,359.7,330.7
229,369.7,378.7,360.7
230,355.2,330.7,379.7
231,351.7,358.7,344.7
232,359.7,359.7,359.7
233,363.7,368.7,358.7
234,386.7,384.7,388.7
235,361.2,362.7,359.7
236,384.7,400.7,368.7
237,364.7,359.7,369.7
238,380.7,399.7,361.7
239,363.7,358.7,368.7
240,368.7,358.7,378.7
241,368.2,358.7,377.7
242,360.2,359.7,360.7
243,371.2,368.7,373.7
244,368.2,368.7,367.7
245,359.7,359.7,359.7
246,368.7,360.7,376.7
247,379.7,399.7,359.7
248,339.7,320.7,358.7
249,368.2,368.7,367.7
250,377.2,394.7,359.7
251,368.7,369.7,367.7
252,344.2,358.7,329.7
253,365.2,359.7,370.7
254,355.2,379.7,330.7
255,381.7,389.7,373.7
256,367.7,373.7,361.7
257,378.7,368.7,388.7
258,370.2,379.7,360.7
259,349.2,330.7,367.7
260,359.2,358.7,359.7
261,359.7,358.7,360.7
262,359.7,359.7,359.7
263,361.7,378.7,344.7
264,370.7,379.7,361.7
265,383.2,388.7,377.7
266,364.7,368.7,360.7
267,369.2,367.7,370.7
268,359.2,359.7,358.7
269,359.2,398.7,319.7
270,368.7,368.7,368.7
271,379.7,398.7,360.7
272,345.2,359.7,330.7
273,395.2,429.7,360.7
274,339.7,358.7,320.7
275,373.7,381.7,365.7
276,360.2,361.7,358.7
277,359.2,358.7,359.7
278,372.2,340.7,403.7
279,365.2,358.7,371.7
280,359.7,359.7,359.7
281,378.2,358.7,397.7
282,364.7,368.7,360.7
283,365.2,361.7,368.7
284,360.7,360.7,360.7
285,385.7,412.7,358.7
286,371.2,374.7,367.7
287,358.7,358.7,358.7
288,382.7,404.7,360.7
289,379.7,378.7,380.7
290,340.7,359.7,321.7
291,398.7,380.7,416.7
292,395.2,430.7,359.7
293,380.7,403.7,357.7
294,349.2,368.7,329.7
295,380.2,359.7,400.7
296,370.2,369.7,370.7
297,361.2,357.7,364.7
298,372.2,383.7,360.7
299,363.7,359.7,367.7
300,371.7,369.7,373.7
301,384.2,379.7,388.7
302,346.7,332.7,360.7
303,359.7,360.7,358.7
304,360.7,361.7,359.7
305,369.7,381.7,357.7
306,347.7,333.7,361.7
307,356.7,349.7,363.7
308,358.2,357.7,358.7
309,359.7,358.7,360.7
310,364.7,359.7,369.7
311,357.2,368.7,345.7
312,370.7,358.7,382.7
313,357.7,364.7,350.7
314,364.2,358.7,369.7
315,374.2,388.7,359.7
316,345.7,321.7,369.7
317,375.2,390.7,359.7
318,364.7,369.7,359.7
319,360.7,360.7,360.7
320,359.7,330.7,388.7
321,364.7,359.7,369.7
322,362.7,351.7,373.7
323,360.7,360.7,360.7
324,359.7,359.7,359.7
325,359.2,358.7,359.7
326,364.7,368.7,360.7
327,375.2,360.7,389.7
328,364.2,358.7,369.7
329,365.2,370.7,359.7
330,369.7,370.7,368.7
331,368.7,358.7,378.7
332,345.2,369.7,320.7
333,380.2,361.7,398.7
334,362.2,364.7,359.7
335,359.2,357.7,360.7
336,379.7,399.7,359.7
337,369.7,359.7,379.7
338,364.7,369.7,359.7
339,359.2,359.7,358.7
340,374.7,379.7,369.7
341,370.2,380.7,359.7
342,364.7,358.7,370.7
343,362.7,365.7,359.7
344,375.7,382.7,368.7
345,370.2,371.7,368.7
346,359.7,359.7,359.7
347,340.7,360.7,320.7
348,359.2,358.7,359.7
349,370.2,359.7,380.7
350,364.2,367.7,360.7
351,369.2,378.7,359.7
352,358.7,357.7,359.7
353,340.2,320.7,359.7
354,374.7,369.7,379.7
355,359.2,359.7,358.7
356,360.7,359.7,361.7
357,373.7,368.7,378.7
358,358.7,359.7,357.7
359,343.7,327.7,359.7
360,358.7,359.7,357.7
361,360.7,360.7,360.7
362,374.7,389.7,359.7
363,389.2,378.7,399.7
364,358.7,358.7,358.7
365,345.2,369.7,320.7
366,361.2,361.7,360.7
367,359.7,359.7,359.7
368,344.2,367.7,320.7
369,370.2,359.7,380.7
370,369.2,369.7,368.7
371,358.7,358.7,358.7
372,363.2,358.7,367.7
373,364.2,369.7,358.7
374,381.7,402.7,360.7
375,368.2,361.7,374.7
376,388.7,417.7,359.7
377,364.2,367.7,360.7
378,380.7,400.7,360.7
379,359.7,360.7,358.7
380,374.7,369.7,379.7
381,382.7,378.7,386.7
382,358.7,320.7,396.7
383,370.7,372.7,368.7
384,370.2,419.7,320.7
385,381.2,372.7,389.7
386,390.7,371.7,409.7
387,355.7,323.7,387.7
388,374.7,359.7,389.7
389,359.7,359.7,359.7
390,326.2,320.7,331.7
391,364.2,359.7,368.7
392,364.2,358.7,369.7
393,370.7,372.7,368.7
394,362.2,359.7,364.7
395,398.2,386.7,409.7
396,369.7,369.7,369.7
397,368.2,368.7,367.7
398,359.2,359.7,358.7
399,363.2,359.7,366.7
400,373.7,368.7,378.7
401,364.7,359.7,369.7
402,339.7,320.7,358.7
403,407.2,453.7,360.7
404,373.7,369.7,377.7
405,364.7,370.7,358.7
406,399.7,418.7,380.7
407,374.7,380.7,368.7
408,365.7,369.7,361.7
409,360.7,361.7,359.7
410,360.7,360.7,360.7
411,344.7,369.7,319.7
412,359.7,359.7,359.7
413,355.2,369.7,340.7
414,373.7,378.7,368.7
415,364.2,368.7,359.7
416,355.7,358.7,352.7
417,383.7,377.7,389.7
418,394.2,398.7,389.7
419,376.2,362.7,389.7
420,364.7,369.7,359.7
421,364.2,368.7,359.7
422,344.2,358.7,329.7
423,369.2,369.7,368.7
424,362.7,359.7,365.7
425,368.7,378.7,358.7
426,344.7,359.7,329.7
427,340.7,320.7,360.7
428,345.7,369.7,321.7
429,399.2,399.7,398.7
430,364.7,359.7,369.7
431,371.2,358.7,383.7
432,368.7,377.7,359.7
433,368.7,366.7,370.7
434,359.2,358.7,359.7
435,387.2,396.7,377.7
436,364.2,359.7,368.7
437,363.7,358.7,368.7
438,369.2,369.7,368.7
439,387.7,370.7,404.7
440,363.7,369.7,357.7
441,359.2,359.7,358.7
442,363.7,367.7,359.7
443,369.2,369.7,368.7
444,362.7,356.7,368.7
445,381.7,372.7,390.7
446,380.7,380.7,380.7
447,374.2,389.7,358.7
448,344.2,359.7,328.7
449,354.7,319.7,389.7
450,359.2,358.7,359.7
451,361.2,360.7,361.7
452,378.7,399.7,357.7
453,374.7,388.7,360.7
454,364.2,359.7,368.7
455,344.2,319.7,368.7
456,374.7,369.7,379.7
457,344.7,329.7,359.7
458,377.2,393.7,360.7
459,395.7,369.7,421.7
460,359.7,359.7,359.7
461,387.7,359.7,415.7
462,379.2,358.7,399.7
463,359.7,359.7,359.7
464,366.2,361.7,370.7
465,348.7,367.7,329.7
466,393.2,416.7,369.7
467,377.7,367.7,387.7
468,369.7,369.7,369.7
469,382.7,405.7,359.7
470,359.2,358.7,359.7
471,407.2,409.7,404.7
472,363.7,358.7,368.7
473,343.7,327.7,359.7
474,364.7,369.7,359.7
475,369.7,360.7,378.7
476,379.7,359.7,399.7
477,365.2,359.7,370.7
478,387.7,386.7,388.7
479,374.7,389.7,359.7
480,359.2,358.7,359.7
481,377.7,361.7,393.7
482,380.2,380.7,379.7
483,344.7,358.7,330.7
484,360.7,360.7,360.7
485,388.2,385.7,390.7
486,366.7,374.7,358.7
487,370.2,380.7,359.7
488,366.7,374.7,358.7
489,343.7,357.7,329.7
490,365.7,361.7,369.7
491,378.7,388.7,368.7
492,371.2,382.7,359.7
493,407.2,369.7,444.7
494,358.7,357.7,359.7
495,358.7,358.7,358.7
496,359.2,359.7,358.7
497,339.7,359.7,319.7
498,343.2,318.7,367.7
499,345.7,332.7,358.7
500,360.2,358.7,361.7
501,358.7,357.7,359.7
502,368.2,371.7,364.7
503,359.2,358.7,359.7
504,363.7,358.7,368.7
505,364.7,369.7,359.7
506,364.7,369.7,359.7
507,342.7,365.7,319.7
508,376.2,359.7,392.7
509,359.2,359.7,358.7
510,364.2,360.7,367.7
511,365.2,359.7,370.7
512,364.2,397.7,330.7
513,369.7,369.7,369.7
514,364.2,359.7,368.7
515,376.7,359.7,393.7
516,351.2,340.7,361.7
517,384.7,370.7,398.7
518,365.2,369.7,360.7
519,375.7,358.7,392.7
520,363.7,369.7,357.7
521,358.7,357.7,359.7
522,369.2,378.7,359.7
523,364.2,359.7,368.7
524,372.2,359.7,384.7
525,364.7,369.7,359.7
526,363.7,369.7,357.7
527,365.2,359.7,370.7
528,359.2,357.7,360.7
529,393.2,372.7,413.7
530,350.2,379.7,320.7
531,355.2,390.7,319.7
532,374.2,379.7,368.7
533,364.2,359.7,368.7
534,369.2,378.7,359.7
535,363.7,367.7,359.7
536,344.7,358.7,330.7
537,383.7,379.7,387.7
538,376.2,369.7,382.7
539,339.7,359.7,319.7
540,355.7,359.7,351.7
541,352.2,358.7,345.7
542,347.2,359.7,334.7
543,378.7,370.7,386.7
544,388.2,416.7,359.7
545,359.2,359.7,358.7
546,384.7,369.7,399.7
547,370.7,361.7,379.7
548,359.7,359.7,359.7
549,367.7,375.7,359.7
550,390.7,379.7,401.7
551,368.7,368.7,368.7
552,380.7,368.7,392.7
553,374.2,378.7,369.7
554,389.2,368.7,409.7
555,342.7,320.7,364.7
556,349.7,360.7,338.7
557,367.7,375.7,359.7
558,360.2,358.7,361.7
559,379.7,369.7,389.7
560,379.2,379.7,378.7
561,372.2,359.7,384.7
562,362.2,365.7,358.7
563,339.7,358.7,320.7
564,381.7,405.7,357.7
565,364.2,359.7,368.7
566,367.7,358.7,376.7
567,359.2,358.7,359.7
568,359.2,358.7,359.7
569,359.7,359.7,359.7
570,364.2,369.7,358.7
571,364.7,359.7,369.7
572,358.7,358.7,358.7
573,349.7,359.7,339.7
574,374.7,368.7,380.7
575,348.7,319.7,377.7
576,330.2,320.7,339.7
577,358.2,357.7,358.7
578,379.7,369.7,389.7
579,372.7,365.7,379.7
580,377.2,387.7,366.7
581,363.7,388.7,338.7
582,369.7,379.7,359.7
583,359.7,359.7,359.7
584,343.7,319.7,367.7
585,360.2,359.7,360.7
586,410.7,397.7,423.7
587,354.7,339.7,369.7
588,359.2,358.7,359.7
589,362.2,357.7,366.7
590,361.2,361.7,360.7
591,359.7,359.7,359.7
592,379.7,398.7,360.7
593,365.2,360.7,369.7
594,369.2,369.7,368.7
595,360.2,361.7,358.7
596,348.7,368.7,328.7
597,378.7,395.7,361.7
598,387.2,378.7,395.7
599,363.7,368.7,358.7
600,370.7,361.7,379.7
601,356.7,353.7,359.7
602,371.7,368.7,374.7
603,355.2,379.7,330.7
604,368.7,368.7,368.7
605,364.7,369.7,359.7
606,384.2,369.7,398.7
607,389.7,369.7,409.7
608,328.2,320.7,335.7
609,350.2,340.7,359.7
610,320.7,359.7,281.7
611,335.7,349.7,321.7
612,358.7,358.7,358.7
613,369.7,359.7,379.7
614,393.7,376.7,410.7
615,360.7,360.7,360.7
616,379.2,386.7,371.7
617,339.7,320.7,358.7
618,339.7,358.7,320.7
619,359.2,358.7,359.7
620,373.7,368.7,378.7
621,380.2,399.7,360.7
622,360.2,360.7,359.7
623,359.7,360.7,358.7
624,363.2,358.7,367.7
625,359.2,360.7,357.7
626,368.7,359.7,377.7
627,372.7,367.7,377.7
628,359.7,359.7,359.7
629,379.2,368.7,389.7
630,384.2,378.7,389.7
631,371.7,358.7,384.7
632,363.7,368.7,358.7
633,344.2,368.7,319.7
634,359.7,359.7,359.7
635,359.7,360.7,358.7
636,368.2,359.7,376.7
637,361.7,358.7,364.7
638,340.2,359.7,320.7
639,377.2,363.7,390.7
640,365.2,370.7,359.7
641,384.7,370.7,398.7
642,359.2,358.7,359.7
643,363.7,358.7,368.7
644,364.2,358.7,369.7
645,359.7,359.7,359.7
646,370.7,380.7,360.7
647,364.2,358.7,369.7
648,363.7,359.7,367.7
649,368.2,365.7,370.7
650,348.7,367.7,329.7
651,370.7,369.7,371.7
652,374.2,389.7,358.7
653,397.7,407.7,387.7
654,364.7,369.7,359.7
655,375.7,370.7,380.7
656,359.2,358.7,359.7
657,350.2,369.7,330.7
658,365.2,370.7,359.7
659,364.2,359.7,368.7
660,379.2,389.7,368.7
661,384.2,359.7,408.7
662,367.2,360.7,373.7
663,359.2,359.7,358.7
664,371.7,373.7,369.7
665,360.2,358.7,361.7
666,373.7,388.7,358.7
667,379.2,398.7,359.7
668,373.7,376.7,370.7
669,364.2,369.7,358.7
670,350.7,379.7,321.7
671,342.2,363.7,320.7
672,365.2,370.7,359.7
673,365.7,342.7,388.7
674,385.7,389.7,381.7
675,349.7,359.7,339.7
676,369.2,379.7,358.7
677,359.7,319.7,399.7
678,364.2,359.7,368.7
679,359.2,358.7,359.7
680,370.2,359.7,380.7
681,339.7,360.7,318.7
682,339.7,320.7,358.7
683,339.2,318.7,359.7
684,367.2,359.7,374.7
685,344.7,329.7,359.7
686,366.7,360.7,372.7
687,365.2,360.7,369.7
688,363.2,318.7,407.7
689,374.2,378.7,369.7
690,345.7,370.7,320.7
691,375.7,378.7,372.7
692,386.2,391.7,380.7
693,354.2,378.7,329.7
694,364.2,368.7,359.7
695,372.7,379.7,365.7
696,369.7,370.7,368.7
697,383.7,409.7,357.7
698,343.7,358.7,328.7
699,364.7,359.7,369.7
700,339.2,358.7,319.7
701,370.7,358.7,382.7
702,367.2,375.7,358.7
703,398.2,427.7,368.7
704,384.2,369.7,398.7
705,368.2,377.7,358.7
706,389.2,368.7,409.7
707,367.7,376.7,358.7
708,364.2,368.7,359.7
709,395.2,359.7,430.7
710,364.7,369.7,359.7
711,363.7,358.7,368.7
712,363.7,359.7,367.7
713,359.7,358.7,360.7
714,344.7,359.7,329.7
715,383.7,388.7,378.7
716,350.2,340.7,359.7
717,432.7,430.7,434.7
718,374.2,359.7,388.7
719,379.2,391.7,366.7
720,358.7,397.7,319.7
721,369.2,378.7,359.7
722,379.2,398.7,359.7
723,364.7,360.7,368.7
724,364.7,359.7,369.7
725,400.7,442.7,358.7
726,374.7,389.7,359.7
727,379.2,368.7,389.7
728,341.7,323.7,359.7
729,359.7,359.7,359.7
730,374.2,370.7,377.7
731,378.7,359.7,397.7
732,364.2,368.7,359.7
733,364.7,359.7,369.7
734,347.7,330.7,364.7
735,360.2,359.7,360.7
736,375.7,389.7,361.7
737,339.7,358.7,320.7
738,359.2,358.7,359.7
739,339.7,359.7,319.7
740,366.2,363.7,368.7
741,359.7,358.7,360.7
742,330.2,329.7,330.7
743,404.2,429.7,378.7
744,368.2,368.7,367.7
745,379.2,378.7,379.7
746,374.7,411.7,337.7
747,329.7,329.7,329.7
748,364.7,359.7,369.7
749,379.2,360.7,397.7
750,354.2,378.7,329.7
751,349.2,319.7,378.7
752,359.2,358.7,359.7
753,339.7,359.7,319.7
754,375.2,389.7,360.7
755,343.7,367.7,319.7
756,365.2,320.7,409.7
757,361.7,364.7,358.7
758,345.2,359.7,330.7
759,365.2,370.7,359.7
760,384.7,358.7,410.7
761,370.2,369.7,370.7
762,324.7,368.7,280.7
763,339.7,319.7,359.7
764,365.2,370.7,359.7
765,340.2,359.7,320.7
766,369.2,378.7,359.7
767,365.7,371.7,359.7
768,355.2,379.7,330.7
769,359.7,359.7,359.7
770,375.7,400.7,350.7
771,319.7,319.7,319.7
772,365.7,371.7,359.7
773,369.7,359.7,379.7
774,373.2,360.7,385.7
775,339.2,358.7,319.7
776,364.7,360.7,368.7
777,359.2,359.7,358.7
778,363.2,359.7,366.7
779,374.7,387.7,361.7
780,381.7,369.7,393.7
781,380.2,385.7,374.7
782,340.7,360.7,320.7
783,365.2,360.7,369.7
784,393.2,398.7,387.7
785,369.7,369.7,369.7
786,360.7,360.7,360.7
787,365.2,360.7,369.7
788,369.7,360.7,378.7
789,368.7,377.7,359.7
790,364.2,368.7,359.7
791,374.2,388.7,359.7
792,345.2,360.7,329.7
793,358.7,358.7,358.7
794,368.7,378.7,358.7
795,359.2,359.7,358.7
796,339.7,358.7,320.7
797,370.2,360.7,379.7
798,354.2,367.7,340.7
799,364.7,368.7,360.7
800,367.7,359.7,375.7
801,369.7,359.7,379.7
802,369.7,360.7,378.7
803,359.2,358.7,359.7
804,352.2,319.7,384.7
805,365.2,369.7,360.7
806,393.7,367.7,419.7
807,370.7,379.7,361.7
808,351.2,359.7,342.7
809,368.2,368.7,367.7
810,344.7,319.7,369.7
811,359.7,359.7,359.7
812,353.2,366.7,339.7
813,350.2,321.7,378.7
814,386.2,414.7,357.7
815,364.7,399.7,329.7
816,344.2,368.7,319.7
817,370.7,379.7,361.7
818,360.2,359.7,360.7
819,376.7,369.7,383.7
820,369.7,378.7,360.7
821,379.7,389.7,369.7
822,369.2,378.7,359.7
823,364.2,368.7,359.7
824,361.2,360.7,361.7
825,378.2,368.7,387.7
826,387.2,412.7,361.7
827,370.7,360.7,380.7
828,345.7,360.7,330.7
829,340.2,319.7,360.7
830,339.2,318.7,359.7
831,360.7,359.7,361.7
832,363.7,358.7,368.7
833,344.7,369.7,319.7
834,382.2,385.7,378.7
835,378.2,359.7,396.7
836,365.2,357.7,372.7
837,365.2,359.7,370.7
838,365.2,359.7,370.7
839,368.7,378.7,358.7
840,371.2,371.7,370.7
841,357.2,376.7,337.7
842,344.2,368.7,319.7
843,379.7,399.7,359.7
844,373.7,378.7,368.7
845,364.7,369.7,359.7
846,368.7,368.7,368.7
847,368.7,359.7,377.7
848,384.2,359.7,408.7
849,360.7,361.7,359.7
850,364.7,360.7,368.7
851,358.2,357.7,358.7
852,365.2,361.7,368.7
853,364.2,368.7,359.7
854,340.2,319.7,360.7
855,359.2,359.7,358.7
856,348.7,327.7,369.7
857,364.7,360.7,368.7
858,357.7,384.7,330.7
859,379.2,379.7,378.7
860,359.2,359.7,358.7
861,378.2,376.7,379.7
862,386.2,391.7,380.7
863,340.2,319.7,360.7
864,363.7,359.7,367.7
865,359.7,359.7,359.7
866,343.7,357.7,329.7
867,340.2,359.7,320.7
868,363.7,368.7,358.7
869,374.2,388.7,359.7
870,379.7,369.7,389.7
871,384.2,366.7,401.7
872,384.2,358.7,409.7
873,337.7,339.7,335.7
874,360.2,361.7,358.7
875,369.7,370.7,368.7
876,359.7,359.7,359.7
877,379.2,389.7,368.7
878,344.7,368.7,320.7
879,367.2,373.7,360.7
880,354.7,360.7,348.7
881,344.2,329.7,358.7
882,389.7,409.7,369.7
883,373.7,358.7,388.7
884,370.2,379.7,360.7
885,335.2,330.7,339.7
886,349.7,368.7,330.7
887,378.2,397.7,358.7
888,371.2,356.7,385.7
889,365.7,370.7,360.7
890,365.2,359.7,370.7
891,369.2,379.7,358.7
892,387.2,440.7,333.7
893,418.2,446.7,389.7
894,339.2,358.7,319.7
895,340.7,360.7,320.7
896,360.7,361.7,359.7
897,364.7,370.7,358.7
898,334.7,338.7,330.7
899,366.2,359.7,372.7
900,399.7,429.7,369.7
901,374.2,359.7,388.7
902,370.2,372.7,367.7
903,359.2,358.7,359.7
904,359.7,359.7,359.7
905,364.7,359.7,369.7
906,354.2,318.7,389.7
907,364.2,360.7,367.7
908,360.2,360.7,359.7
909,360.2,341.7,378.7
910,360.2,359.7,360.7
911,388.2,416.7,359.7
912,381.2,359.7,402.7
913,341.7,359.7,323.7
914,369.2,358.7,379.7
915,350.7,369.7,331.7
916,344.2,369.7,318.7
917,379.2,389.7,368.7
918,345.7,369.7,321.7
919,363.2,366.7,359.7
920,374.7,389.7,359.7
921,355.2,369.7,340.7
922,359.7,358.7,360.7
923,374.2,379.7,368.7
924,355.2,390.7,319.7
925,379.2,369.7,388.7
926,359.7,378.7,340.7
927,360.7,359.7,361.7
928,364.7,358.7,370.7
929,360.2,400.7,319.7
930,339.7,319.7,359.7
931,374.7,379.7,369.7
932,355.2,360.7,349.7
933,374.2,379.7,368.7
934,362.2,364.7,359.7
935,359.7,361.7,357.7
936,340.2,361.7,318.7
937,364.2,367.7,360.7
938,375.7,359.7,391.7
939,339.2,359.7,318.7
940,371.7,363.7,379.7
941,359.2,358.7,359.7
942,368.7,378.7,358.7
943,376.2,370.7,381.7
944,371.2,367.7,374.7
945,379.2,369.7,388.7
946,344.7,360.7,328.7
947,350.2,359.7,340.7
948,345.7,360.7,330.7
949,344.7,359.7,329.7
950,363.2,368.7,357.7
951,381.2,383.7,378.7
952,360.2,398.7,321.7
953,371.7,378.7,364.7
954,348.7,357.7,339.7
955,360.7,360.7,360.7
956,342.2,359.7,324.7
957,399.2,438.7,359.7
958,352.7,346.7,358.7
959,343.7,327.7,359.7
960,345.2,369.7,320.7
961,347.2,362.7,331.7
962,340.2,319.7,360.7
963,344.7,358.7,330.7
964,339.7,320.7,358.7
965,368.7,367.7,369.7
966,365.7,359.7,371.7
967,344.2,358.7,329.7
968,380.2,399.7,360.7
969,375.2,370.7,379.7
970,369.2,368.7,369.7
971,353.7,358.7,348.7
972,371.2,392.7,349.7
973,335.2,349.7,320.7
974,364.2,369.7,358.7
975,354.2,329.7,378.7
976,370.7,361.7,379.7
977,369.7,359.7,379.7
978,375.7,382.7,368.7
979,364.7,360.7,368.7
980,324.2,318.7,329.7
981,363.7,360.7,366.7
982,372.7,386.7,358.7
983,380.7,370.7,390.7
984,351.2,377.7,324.7
985,381.2,432.7,329.7
986,340.2,359.7,320.7
987,360.7,359.7,361.7
988,365.2,368.7,361.7
989,359.2,358.7,359.7
990,344.7,329.7,359.7
991,365.7,350.7,380.7
992,374.7,370.7,378.7
993,342.2,364.7,319.7
994,375.2,379.7,370.7
995,384.7,400.7,368.7
996,356.7,354.7,358.7
997,340.2,359.7,320.7
998,369.2,360.7,377.7
999,398.7,399.7,397.7
1000,330.7,330.7,330.7
1001,370.2,369.7,370.7
1002,345.7,360.7,330.7
1003,379.2,388.7,369.7
1004,340.2,360.7,319.7
1005,340.2,359.7,320.7
1006,361.2,329.7,392.7
1007,339.7,320.7,358.7
1008,364.2,359.7,368.7
1009,358.7,358.7,358.7
1010,374.7,368.7,380.7
1011,359.7,359.7,359.7
1012,378.2,395.7,360.7
1013,339.2,358.7,319.7
1014,364.7,369.7,359.7
1015,370.2,379.7,360.7
1016,330.7,340.7,320.7
1017,349.7,379.7,319.7
1018,404.7,424.7,384.7
1019,373.7,358.7,388.7
1020,388.7,388.7,388.7
1021,363.7,368.7,358.7
1022,369.7,368.7,370.7
1023,369.2,379.7,358.7
1024,339.7,358.7,320.7
1025,375.2,368.7,381.7
1026,363.7,358.7,368.7
1027,354.7,388.7,320.7
1028,344.2,359.7,328.7
1029,344.7,320.7,368.7
1030,375.2,390.7,359.7
1031,339.7,319.7,359.7
1032,334.7,339.7,329.7
1033,367.7,370.7,364.7
1034,375.2,380.7,369.7
1035,360.2,359.7,360.7
1036,359.7,360.7,358.7
1037,360.2,359.7,360.7
1038,355.2,369.7,340.7
1039,325.2,319.7,330.7
1040,365.2,360.7,369.7
1041,358.7,359.7,357.7
1042,363.2,367.7,358.7
1043,353.7,374.7,332.7
1044,379.2,388.7,369.7
1045,339.2,359.7,318.7
1046,360.2,370.7,349.7
1047,374.2,359.7,388.7
1048,363.2,366.7,359.7
1049,365.2,369.7,360.7
1050,369.2,358.7,379.7
1051,372.7,405.7,339.7
1052,344.2,338.7,349.7
1053,384.2,398.7,369.7
1054,368.7,368.7,368.7
1055,369.2,358.7,379.7
1056,372.7,386.7,358.7
1057,378.7,389.7,367.7
1058,359.2,358.7,359.7
1059,342.7,367.7,317.7
1060,344.7,360.7,328.7
1061,374.2,378.7,369.7
1062,361.7,363.7,359.7
1063,359.2,397.7,320.7
1064,363.7,358.7,368.7
1065,359.7,359.7,359.7
1066,367.2,358.7,375.7
1067,368.2,376.7,359.7
1068,364.2,367.7,360.7
1069,365.2,360.7,369.7
1070,377.7,390.7,364.7
1071,339.7,358.7,320.7
1072,379.2,369.7,388.7
1073,358.7,359.7,357.7
1074,343.7,329.7,357.7
1075,364.7,359.7,369.7
1076,360.2,359.7,360.7
1077,359.2,359.7,358.7
1078,381.2,359.7,402.7
1079,360.7,361.7,359.7
1080,387.2,377.7,396.7
1081,384.2,398.7,369.7
1082,346.7,372.7,320.7
1083,364.7,357.7,371.7
1084,381.7,420.7,342.7
1085,321.2,320.7,321.7
1086,384.7,399.7,369.7
1087,374.7,378.7,370.7
1088,362.2,373.7,350.7
1089,369.2,369.7,368.7
1090,359.2,359.7,358.7
1091,361.2,359.7,362.7
1092,374.7,368.7,380.7
1093,350.7,370.7,330.7
1094,359.2,358.7,359.7
1095,345.2,330.7,359.7
1096,385.2,409.7,360.7
1097,340.2,358.7,321.7
1098,360.7,370.7,350.7
1099,379.7,399.7,359.7
1100,390.7,370.7,410.7
1101,369.2,360.7,377.7
1102,360.7,358.7,362.7
1103,351.7,359.7,343.7
1104,362.7,359.7,365.7
1105,375.2,390.7,359.7
1106,350.2,378.7,321.7
1107,355.2,379.7,330.7
1108,345.2,329.7,360.7
1109,360.2,360.7,359.7
1110,359.2,359.7,358.7
1111,380.7,390.7,370.7
1112,372.7,385.7,359.7
1113,374.7,379.7,369.7
1114,378.7,388.7,368.7
1115,344.7,369.7,319.7
1116,362.2,364.7,359.7
1117,332.2,330.7,333.7
1118,359.2,360.7,357.7
1119,369.2,359.7,378.7
1120,368.2,378.7,357.7
1121,324.2,328.7,319.7
1122,368.7,358.7,378.7
1123,365.2,370.7,359.7
1124,360.2,358.7,361.7
1125,369.7,369.7,369.7
1126,358.7,358.7,358.7
1127,355.2,379.7,330.7
1128,353.7,360.7,346.7
1129,320.2,319.7,320.7
1130,373.2,369.7,376.7
1131,345.7,361.7,329.7
1132,349.7,359.7,339.7
1133,366.2,370.7,361.7
1134,340.2,359.7,320.7
1135,347.2,364.7,329.7
1136,346.2,361.7,330.7
1137,364.7,369.7,359.7
1138,354.2,319.7,388.7
1139,368.2,358.7,377.7
1140,374.2,359.7,388.7
1141,334.2,325.7,342.7
1142,374.2,359.7,388.7
1143,344.7,319.7,369.7
1144,379.2,388.7,369.7
1145,364.2,369.7,358.7
1146,373.2,345.7,400.7
1147,339.7,329.7,349.7
1148,339.7,359.7,319.7
1149,359.2,359.7,358.7
1150,372.7,384.7,360.7
1151,324.7,328.7,320.7
1152,374.2,358.7,389.7
1153,357.2,379.7,334.7
1154,364.7,358.7,370.7
1155,360.2,350.7,369.7
1156,330.2,329.7,330.7
1157,362.2,363.7,360.7
1158,359.7,399.7,319.7
1159,353.7,347.7,359.7
1160,365.2,360.7,369.7
1161,368.7,368.7,368.7
1162,369.2,370.7,367.7
1163,368.7,378.7,358.7
1164,356.7,346.7,366.7
1165,340.7,360.7,320.7
1166,370.2,360.7,379.7
1167,364.7,409.7,319.7
1168,343.2,358.7,327.7
1169,387.7,360.7,414.7
1170,354.7,379.7,329.7
1171,367.2,373.7,360.7
1172,350.2,329.7,370.7
1173,354.2,368.7,339.7
1174,344.7,369.7,319.7
1175,379.2,379.7,378.7
1176,369.7,359.7,379.7
1177,365.7,359.7,371.7
1178,379.7,379.7,379.7
1179,362.7,361.7,363.7
1180,341.2,360.7,321.7
1181,344.7,329.7,359.7
1182,359.7,358.7,360.7
1183,355.2,320.7,389.7
1184,369.7,358.7,380.7
1185,369.7,379.7,359.7
1186,360.7,359.7,361.7
1187,357.7,395.7,319.7
1188,369.7,379.7,359.7
1189,364.7,369.7,359.7
1190,367.2,374.7,359.7
1191,359.7,358.7,360.7
1192,365.2,370.7,359.7
1193,360.7,363.7,357.7
1194,364.2,369.7,358.7
1195,374.2,376.7,371.7
1196,354.7,320.7,388.7
1197,354.7,319.7,389.7
1198,325.2,329.7,320.7
1199,358.7,358.7,358.7
1200,381.7,373.7,389.7
1201,350.7,370.7,330.7
1202,319.2,318.7,319.7
1203,350.2,360.7,339.7
1204,339.7,358.7,320.7
1205,361.7,372.7,350.7
1206,360.2,359.7,360.7
1207,344.7,370.7,318.7
1208,375.7,370.7,380.7
1209,359.7,358.7,360.7
1210,362.7,356.7,368.7
1211,363.2,395.7,330.7
1212,360.7,350.7,370.7
1213,384.7,359.7,409.7
1214,364.7,359.7,369.7
1215,389.2,408.7,369.7
1216,373.7,359.7,387.7
1217,330.2,339.7,320.7
1218,363.7,358.7,368.7
1219,373.2,385.7,360.7
1220,364.7,368.7,360.7
1221,362.2,360.7,363.7
1222,361.7,360.7,362.7
1223,340.7,360.7,320.7
1224,355.2,379.7,330.7
1225,360.2,360.7,359.7
1226,359.2,360.7,357.7
1227,339.2,358.7,319.7
1228,381.2,373.7,388.7
1229,365.2,370.7,359.7
1230,350.2,371.7,328.7
1231,358.2,350.7,365.7
1232,376.7,358.7,394.7
1233,364.7,369.7,359.7
1234,358.2,357.7,358.7
1235,380.2,359.7,400.7
1236,343.7,366.7,320.7
1237,344.7,359.7,329.7
1238,340.2,359.7,320.7
1239,379.2,368.7,389.7
1240,378.2,378.7,377.7
1241,374.7,358.7,390.7
1242,379.2,379.7,378.7
1243,372.2,379.7,364.7
1244,362.2,363.7,360.7
1245,365.2,359.7,370.7
1246,399.2,438.7,359.7
1247,349.2,378.7,319.7
1248,364.7,358.7,370.7
1249,357.2,358.7,355.7
1250,382.2,358.7,405.7
1251,364.2,358.7,369.7
1252,338.7,358.7,318.7
1253,358.7,357.7,359.7
1254,344.7,358.7,330.7
1255,370.2,398.7,341.7
1256,350.7,380.7,320.7
1257,324.7,330.7,318.7
1258,360.7,369.7,351.7
1259,345.2,369.7,320.7
1260,359.7,359.7,359.7
1261,370.2,378.7,361.7
1262,359.2,358.7,359.7
1263,329.2,328.7,329.7
1264,358.7,358.7,358.7
1265,369.7,330.7,408.7
1266,363.7,366.7,360.7
1267,344.7,369.7,319.7
1268,354.7,378.7,330.7
1269,359.7,388.7,330.7
1270,349.7,359.7,339.7
1271,359.2,359.7,358.7
1272,330.2,339.7,320.7
1273,379.7,379.7,379.7
1274,374.2,368.7,379.7
1275,358.7,358.7,358.7
1276,362.2,364.7,359.7
1277,357.7,359.7,355.7
1278,349.2,359.7,338.7
1279,341.7,319.7,363.7
1280,345.2,369.7,320.7
1281,339.7,359.7,319.7
1282,359.2,358.7,359.7
1283,364.2,358.7,369.7
1284,339.2,357.7,320.7
1285,345.2,360.7,329.7
1286,374.7,359.7,389.7
1287,360.2,361.7,358.7
1288,343.2,364.7,321.7
1289,360.7,360.7,360.7
1290,343.7,368.7,318.7
1291,365.2,369.7,360.7
1292,384.2,368.7,399.7
1293,344.7,369.7,319.7
1294,339.7,319.7,359.7
1295,343.7,368.7,318.7
1296,380.2,368.7,391.7
1297,359.2,358.7,359.7
1298,352.2,319.7,384.7
1299,359.7,358.7,360.7
1300,372.2,359.7,384.7
1301,359.7,379.7,339.7
1302,369.7,379.7,359.7
1303,340.7,360.7,320.7
1304,349.2,368.7,329.7
1305,368.2,366.7,369.7
1306,359.2,358.7,359.7
1307,371.2,359.7,382.7
1308,389.2,388.7,389.7
1309,340.2,359.7,320.7
1310,339.2,358.7,319.7
1311,325.7,330.7,320.7
1312,379.7,359.7,399.7
1313,339.7,359.7,319.7
1314,368.2,376.7,359.7
1315,340.2,329.7,350.7
1316,346.2,320.7,371.7
1317,353.7,367.7,339.7
1318,348.7,357.7,339.7
1319,384.2,388.7,379.7
1320,359.2,359.7,358.7
1321,355.2,341.7,368.7
1322,339.2,359.7,318.7
1323,363.7,367.7,359.7
1324,362.2,379.7,344.7
1325,375.2,389.7,360.7
1326,364.7,368.7,360.7
1327,382.7,403.7,361.7
1328,359.7,360.7,358.7
1329,370.2,359.7,380.7
1330,364.7,360.7,368.7
1331,358.7,358.7,358.7
1332,364.7,359.7,369.7
1333,345.2,320.7,369.7
1334,382.2,398.7,365.7
1335,344.2,318.7,369.7
1336,366.2,368.7,363.7
1337,368.7,398.7,338.7
1338,356.7,343.7,369.7
1339,375.2,369.7,380.7
1340,375.7,382.7,368.7
1341,348.7,358.7,338.7
1342,360.7,359.7,361.7
1343,357.2,354.7,359.7
1344,365.7,370.7,360.7
1345,352.2,372.7,331.7
1346,358.7,398.7,318.7
1347,356.2,390.7,321.7
1348,355.7,320.7,390.7
1349,369.7,369.7,369.7
1350,344.2,358.7,329.7
1351,345.2,330.7,359.7
1352,374.7,350.7,398.7
1353,349.7,368.7,330.7
1354,365.2,360.7,369.7
1355,359.7,359.7,359.7
1356,374.7,370.7,378.7
1357,359.2,359.7,358.7
1358,350.7,368.7,332.7
1359,354.7,359.7,349.7
1360,342.2,358.7,325.7
1361,385.2,409.7,360.7
1362,374.7,368.7,380.7
1363,324.7,329.7,319.7
1364,358.7,357.7,359.7
1365,342.7,320.7,364.7
1366,340.7,360.7,320.7
1367,349.2,368.7,329.7
1368,339.2,358.7,319.7
1369,359.7,359.7,359.7
1370,370.2,376.7,363.7
1371,363.7,359.7,367.7
1372,350.7,359.7,341.7
1373,356.7,343.7,369.7
1374,340.7,360.7,320.7
1375,369.7,408.7,330.7
1376,384.2,389.7,378.7
1377,339.7,358.7,320.7
1378,365.7,368.7,362.7
1379,385.2,389.7,380.7
1380,340.2,360.7,319.7
1381,360.7,361.7,359.7
1382,360.2,359.7,360.7
1383,340.2,320.7,359.7
1384,344.7,319.7,369.7
1385,364.7,369.7,359.7
1386,375.2,389.7,360.7
1387,359.2,358.7,359.7
1388,344.2,319.7,368.7
1389,360.2,359.7,360.7
1390,344.7,359.7,329.7
1391,369.2,368.7,369.7
1392,349.7,360.7,338.7
1393,369.7,369.7,369.7
1394,363.7,331.7,395.7
1395,366.2,373.7,358.7
1396,345.2,368.7,321.7
1397,381.7,360.7,402.7
1398,349.7,369.7,329.7
1399,347.2,319.7,374.7
1400,368.7,368.7,368.7
1401,320.7,320.7,320.7
1402,324.7,329.7,319.7
1403,361.7,348.7,374.7
1404,340.7,361.7,319.7
1405,345.7,360.7,330.7
1406,333.7,346.7,320.7
1407,339.2,359.7,318.7
1408,375.7,360.7,390.7
1409,354.7,349.7,359.7
1410,345.2,358.7,331.7
1411,349.7,360.7,338.7
1412,370.7,380.7,360.7
1413,359.2,359.7,358.7
1414,368.7,378.7,358.7
1415,341.2,323.7,358.7
1416,374.2,388.7,359.7
1417,374.7,359.7,389.7
1418,345.2,330.7,359.7
1419,320.2,321.7,318.7
1420,368.7,369.7,367.7
1421,339.2,320.7,357.7
1422,366.7,412.7,320.7
1423,357.2,365.7,348.7
1424,347.7,360.7,334.7
1425,361.2,361.7,360.7
1426,344.7,359.7,329.7
1427,380.7,360.7,400.7
1428,365.7,360.7,370.7
1429,363.2,368.7,357.7
1430,363.7,368.7,358.7
1431,368.7,369.7,367.7
1432,384.2,387.7,380.7
1433,364.7,368.7,360.7
1434,355.7,364.7,346.7
1435,364.2,368.7,359.7
1436,360.7,350.7,370.7
1437,355.2,388.7,321.7
1438,359.2,358.7,359.7
1439,342.7,365.7,319.7
1440,360.7,400.7,320.7
1441,340.2,320.7,359.7
1442,399.7,419.7,379.7
1443,345.7,367.7,323.7
1444,358.2,397.7,318.7
1445,344.7,319.7,369.7
1446,369.7,417.7,321.7
1447,370.2,359.7,380.7
1448,379.2,378.7,379.7
1449,368.7,359.7,377.7
1450,367.7,359.7,375.7
1451,338.2,357.7,318.7
1452,348.7,367.7,329.7
1453,358.7,358.7,358.7
1454,370.7,421.7,319.7
1455,349.7,378.7,320.7
1456,341.2,361.7,320.7
1457,339.2,357.7,320.7
1458,380.2,400.7,359.7
1459,339.7,359.7,319.7
1460,374.7,390.7,358.7
1461,344.7,329.7,359.7
1462,353.2,375.7,330.7
1463,364.2,358.7,369.7
1464,358.2,368.7,347.7
1465,340.2,320.7,359.7
1466,360.7,361.7,359.7
1467,350.2,340.7,359.7
1468,346.2,360.7,331.7
1469,352.7,338.7,366.7
1470,378.7,368.7,388.7
1471,364.2,369.7,358.7
1472,325.2,330.7,319.7
1473,345.2,320.7,369.7
1474,365.7,360.7,370.7
1475,364.7,368.7,360.7
1476,350.2,330.7,369.7
1477,364.2,368.7,359.7
1478,340.7,360.7,320.7
1479,368.7,368.7,368.7
1480,347.2,357.7,336.7
1481,363.7,367.7,359.7
1482,346.2,360.7,331.7
1483,373.7,358.7,388.7
1484,366.2,370.7,361.7
1485,373.2,358.7,387.7
1486,360.2,399.7,320.7
1487,342.7,365.7,319.7
1488,340.2,359.7,320.7
1489,390.2,360.7,419.7
1490,363.7,366.7,360.7
1491,335.2,319.7,350.7
1492,349.7,369.7,329.7
1493,359.7,359.7,359.7
1494,365.2,369.7,360.7
1495,344.2,328.7,359.7
1496,365.2,360.7,369.7
1497,359.2,358.7,359.7
1498,376.7,360.7,392.7
1499,375.2,360.7,389.7
1500,392.7,399.7,385.7
1501,360.7,361.7,359.7
1502,364.7,369.7,359.7
1503,323.7,327.7,319.7
1504,359.7,360.7,358.7
1505,375.2,361.7,388.7
1506,364.7,369.7,359.7
1507,354.2,378.7,329.7
1508,356.7,384.7,328.7
1509,367.7,359.7,375.7
1510,363.2,357.7,368.7
1511,351.7,330.7,372.7
1512,361.2,359.7,362.7
1513,343.2,329.7,356.7
1514,371.2,378.7,363.7
1515,391.2,411.7,370.7
1516,345.2,369.7,320.7
1517,359.7,358.7,360.7
1518,372.7,377.7,367.7
1519,352.7,343.7,361.7
1520,359.2,359.7,358.7
1521,360.7,331.7,389.7
1522,349.7,359.7,339.7
1523,358.7,357.7,359.7
1524,374.2,379.7,368.7
1525,362.2,374.7,349.7
1526,359.7,358.7,360.7
1527,376.7,358.7,394.7
1528,325.7,320.7,330.7
1529,354.7,378.7,330.7
1530,325.7,319.7,331.7
1531,349.7,320.7,378.7
1532,348.7,357.7,339.7
1533,364.2,368.7,359.7
1534,369.7,378.7,360.7
1535,338.7,319.7,357.7
1536,324.7,318.7,330.7
1537,340.7,360.7,320.7
1538,359.7,359.7,359.7
1539,321.2,320.7,321.7
1540,343.7,368.7,318.7
1541,345.7,367.7,323.7
1542,329.7,339.7,319.7
1543,369.2,368.7,369.7
1544,365.7,361.7,369.7
1545,324.7,328.7,320.7
1546,364.2,369.7,358.7
1547,359.7,339.7,379.7
1548,329.2,328.7,329.7
1549,373.7,376.7,370.7
1550,364.2,360.7,367.7
1551,346.2,360.7,331.7
1552,340.7,360.7,320.7
1553,374.2,389.7,358.7
1554,334.7,320.7,348.7
1555,340.2,360.7,319.7
1556,339.2,319.7,358.7
1557,365.2,370.7,359.7
1558,350.2,339.7,360.7
1559,381.2,359.7,402.7
1560,349.7,380.7,318.7
1561,366.2,370.7,361.7
1562,359.2,358.7,359.7
1563,359.2,358.7,359.7
1564,344.2,368.7,319.7
1565,358.2,376.7,339.7
1566,384.7,378.7,390.7
1567,350.7,330.7,370.7
1568,373.7,386.7,360.7
1569,339.7,360.7,318.7
1570,355.2,389.7,320.7
1571,364.7,360.7,368.7
1572,320.2,319.7,320.7
1573,344.7,360.7,328.7
1574,355.2,349.7,360.7
1575,364.7,359.7,369.7
1576,374.2,388.7,359.7
1577,354.2,319.7,388.7
1578,350.2,379.7,320.7
1579,360.2,340.7,379.7
1580,340.2,360.7,319.7
1581,362.2,360.7,363.7
1582,319.7,320.7,318.7
1583,349.2,331.7,366.7
1584,364.2,359.7,368.7
1585,365.2,370.7,359.7
1586,330.2,319.7,340.7
1587,358.2,358.7,357.7
1588,340.7,360.7,320.7
1589,369.7,360.7,378.7
1590,345.2,369.7,320.7
1591,344.7,339.7,349.7
1592,340.2,359.7,320.7
1593,369.2,379.7,358.7
1594,339.7,319.7,359.7
1595,340.7,359.7,321.7
1596,350.7,360.7,340.7
1597,365.2,330.7,399.7
1598,329.2,338.7,319.7
1599,373.7,379.7,367.7
1600,345.2,370.7,319.7
1601,360.2,360.7,359.7
1602,339.2,358.7,319.7
1603,373.2,396.7,349.7
1604,345.2,369.7,320.7
1605,338.7,357.7,319.7
1606,340.7,360.7,320.7
1607,350.2,340.7,359.7
1608,350.7,340.7,360.7
1609,368.7,370.7,366.7
1610,350.2,339.7,360.7
1611,361.7,359.7,363.7
1612,325.7,330.7,320.7
1613,345.7,360.7,330.7
1614,350.2,380.7,319.7
1615,325.7,321.7,329.7
1616,345.7,370.7,320.7
1617,360.7,361.7,359.7
1618,353.7,357.7,349.7
1619,389.2,409.7,368.7
1620,360.2,360.7,359.7
1621,329.2,328.7,329.7
1622,349.2,358.7,339.7
1623,359.7,360.7,358.7
1624,365.2,379.7,350.7
1625,340.2,340.7,339.7
1626,369.7,399.7,339.7
1627,395.2,388.7,401.7
1628,352.7,375.7,329.7
1629,330.2,320.7,339.7
1630,352.2,358.7,345.7
1631,344.7,319.7,369.7
1632,349.7,330.7,368.7
1633,358.2,394.7,321.7
1634,361.2,370.7,351.7
1635,341.7,361.7,321.7
1636,341.2,360.7,321.7
1637,374.2,359.7,388.7
1638,355.2,359.7,350.7
1639,349.2,358.7,339.7
1640,344.2,329.7,358.7
1641,374.2,358.7,389.7
1642,364.2,369.7,358.7
1643,345.2,360.7,329.7
1644,342.2,353.7,330.7
1645,349.7,380.7,318.7
1646,344.7,369.7,319.7
1647,339.2,320.7,357.7
1648,365.7,360.7,370.7
1649,344.7,329.7,359.7
1650,373.2,367.7,378.7
1651,365.2,369.7,360.7
1652,358.7,357.7,359.7
1653,332.2,343.7,320.7
1654,360.2,358.7,361.7
1655,350.2,369.7,330.7
1656,344.2,368.7,319.7
1657,354.7,319.7,389.7
1658,379.7,399.7,359.7
1659,360.2,359.7,360.7
1660,359.7,359.7,359.7
1661,341.2,360.7,321.7
1662,348.7,377.7,319.7
1663,349.2,378.7,319.7
1664,320.2,320.7,319.7
1665,363.7,359.7,367.7
1666,347.7,374.7,320.7
1667,349.7,379.7,319.7
1668,360.2,359.7,360.7
1669,379.7,369.7,389.7
1670,339.7,360.7,318.7
1671,342.7,320.7,364.7
1672,352.7,356.7,348.7
1673,319.7,319.7,319.7
1674,339.7,359.7,319.7
1675,320.2,321.7,318.7
1676,364.7,369.7,359.7
1677,360.7,361.7,359.7
1678,352.7,346.7,358.7
1679,347.2,360.7,333.7
1680,364.2,389.7,338.7
1681,360.7,359.7,361.7
1682,359.7,398.7,320.7
1683,340.2,320.7,359.7
1684,350.7,360.7,340.7
1685,345.2,319.7,370.7
1686,364.7,369.7,359.7
1687,340.7,384.7,296.7
1688,349.2,369.7,328.7
1689,324.7,319.7,329.7
1690,340.2,320.7,359.7
1691,323.2,320.7,325.7
1692,336.7,342.7,330.7
1693,357.2,359.7,354.7
1694,354.7,368.7,340.7
1695,348.2,375.7,320.7
1696,339.7,359.7,319.7
1697,369.7,378.7,360.7
1698,334.2,318.7,349.7
1699,385.2,410.7,359.7
1700,359.2,358.7,359.7
1701,338.7,357.7,319.7
1702,348.2,351.7,344.7
1703,359.2,359.7,358.7
1704,333.7,386.7,280.7
1705,374.7,379.7,369.7
1706,355.7,389.7,321.7
1707,346.2,358.7,333.7
1708,365.2,360.7,369.7
1709,363.2,361.7,364.7
1710,364.2,400.7,327.7
1711,345.2,329.7,360.7
1712,374.2,387.7,360.7
1713,340.7,319.7,361.7
1714,339.2,358.7,319.7
1715,354.2,368.7,339.7
1716,339.7,359.7,319.7
1717,339.7,360.7,318.7
1718,359.2,358.7,359.7
1719,362.7,364.7,360.7
1720,364.7,369.7,359.7
1721,365.2,369.7,360.7
1722,340.2,359.7,320.7
1723,339.2,357.7,320.7
1724,369.2,368.7,369.7
1725,363.2,367.7,358.7
1726,345.2,321.7,368.7
1727,364.7,358.7,370.7
1728,344.2,369.7,318.7
1729,352.7,385.7,319.7
1730,380.7,382.7,378.7
1731,359.7,358.7,360.7
1732,340.2,359.7,320.7
1733,360.2,359.7,360.7
1734,367.7,369.7,365.7
1735,354.7,389.7,319.7
1736,369.2,378.7,359.7
1737,383.7,367.7,399.7
1738,349.7,369.7,329.7
1739,344.7,369.7,319.7
1740,362.7,405.7,319.7
1741,343.2,318.7,367.7
1742,364.7,368.7,360.7
1743,351.2,361.7,340.7
1744,322.2,319.7,324.7
1745,340.7,361.7,319.7
1746,375.2,369.7,380.7
1747,339.7,359.7,319.7
1748,375.7,359.7,391.7
1749,360.2,359.7,360.7
1750,363.7,359.7,367.7
1751,374.2,359.7,388.7
1752,367.2,376.7,357.7
1753,340.2,360.7,319.7
1754,366.2,371.7,360.7
1755,339.7,359.7,319.7
1756,361.2,361.7,360.7
1757,358.2,357.7,358.7
1758,343.2,330.7,355.7
1759,360.7,359.7,361.7
1760,366.7,359.7,373.7
1761,355.2,359.7,350.7
1762,365.7,350.7,380.7
1763,337.7,339.7,335.7
1764,329.7,319.7,339.7
1765,339.7,359.7,319.7
1766,369.2,360.7,377.7
1767,380.2,359.7,400.7
1768,359.7,359.7,359.7
1769,320.7,320.7,320.7
1770,360.7,349.7,371.7
1771,363.7,366.7,360.7
1772,349.7,378.7,320.7
1773,340.7,360.7,320.7
1774,360.2,359.7,360.7
1775,349.7,378.7,320.7
1776,364.7,369.7,359.7
1777,350.2,359.7,340.7
1778,339.7,359.7,319.7
1779,359.7,360.7,358.7
1780,344.7,329.7,359.7
1781,359.2,358.7,359.7
1782,329.7,337.7,321.7
1783,363.2,359.7,366.7
1784,342.7,359.7,325.7
1785,340.2,358.7,321.7
1786,343.7,360.7,326.7
1787,339.7,359.7,319.7
1788,369.7,370.7,368.7
1789,342.7,359.7,325.7
1790,340.2,320.7,359.7
1791,350.7,379.7,321.7
1792,382.7,406.7,358.7
1793,343.7,357.7,329.7
1794,335.2,329.7,340.7
1795,359.7,359.7,359.7
1796,364.7,368.7,360.7
1797,359.7,359.7,359.7
1798,324.2,328.7,319.7
1799,351.7,379.7,323.7
1800,339.7,320.7,358.7
1801,373.7,359.7,387.7
1802,370.7,357.7,383.7
1803,374.7,370.7,378.7
1804,373.7,368.7,378.7
1805,340.2,320.7,359.7
1806,350.2,330.7,369.7
1807,368.2,368.7,367.7
1808,359.2,358.7,359.7
1809,329.7,329.7,329.7
1810,359.7,340.7,378.7
1811,345.7,320.7,370.7
1812,382.2,358.7,405.7
1813,340.2,320.7,359.7
1814,329.2,338.7,319.7
1815,375.2,389.7,360.7
1816,356.2,368.7,343.7
1817,381.7,404.7,358.7
1818,339.7,319.7,359.7
1819,349.7,378.7,320.7
1820,381.7,403.7,359.7
1821,325.2,329.7,320.7
1822,354.7,358.7,350.7
1823,354.7,388.7,320.7
1824,369.2,378.7,359.7
1825,369.7,359.7,379.7
1826,340.2,340.7,339.7
1827,319.7,319.7,319.7
1828,344.2,368.7,319.7
1829,338.7,358.7,318.7
1830,335.2,320.7,349.7
1831,348.7,377.7,319.7
1832,341.7,363.7,319.7
1833,338.7,358.7,318.7
1834,359.2,359.7,358.7
1835,360.2,360.7,359.7
1836,340.2,320.7,359.7
1837,350.2,359.7,340.7
1838,349.2,368.7,329.7
1839,359.2,358.7,359.7
1840,360.2,360.7,359.7
1841,374.2,388.7,359.7
1842,339.2,359.7,318.7
1843,339.2,358.7,319.7
1844,345.7,330.7,360.7
1845,321.2,320.7,321.7
1846,350.2,370.7,329.7
1847,321.7,320.7,322.7
1848,347.2,374.7,319.7
1849,324.7,319.7,329.7
1850,359.2,358.7,359.7
1851,354.7,349.7,359.7
1852,363.2,357.7,368.7
1853,373.7,388.7,358.7
1854,335.7,350.7,320.7
1855,359.2,358.7,359.7
1856,373.2,378.7,367.7
1857,361.7,330.7,392.7
1858,319.2,318.7,319.7
1859,359.2,358.7,359.7
1860,383.7,365.7,401.7
1861,339.7,319.7,359.7
1862,345.7,320.7,370.7
1863,343.2,340.7,345.7
1864,359.7,359.7,359.7
1865,330.7,341.7,319.7
1866,375.7,410.7,340.7
1867,339.2,357.7,320.7
1868,389.2,418.7,359.7
1869,369.7,379.7,359.7
1870,331.2,321.7,340.7
1871,340.2,358.7,321.7
1872,339.7,320.7,358.7
1873,372.2,374.7,369.7
1874,320.2,319.7,320.7
1875,333.7,348.7,318.7
1876,363.7,358.7,368.7
1877,328.7,328.7,328.7
1878,364.2,369.7,358.7
1879,377.2,394.7,359.7
1880,373.7,359.7,387.7
1881,356.7,360.7,352.7
1882,360.7,360.7,360.7
1883,340.7,350.7,330.7
1884,368.7,375.7,361.7
1885,347.2,357.7,336.7
1886,359.2,370.7,347.7
1887,374.2,427.7,320.7
1888,337.7,340.7,334.7
1889,380.7,400.7,360.7
1890,340.2,360.7,319.7
1891,354.7,379.7,329.7
1892,325.7,320.7,330.7
1893,364.2,368.7,359.7
1894,325.2,329.7,320.7
1895,364.2,359.7,368.7
1896,344.7,368.7,320.7
1897,337.7,339.7,335.7
1898,374.2,388.7,359.7
1899,361.7,360.7,362.7
1900,320.2,320.7,319.7
1901,320.7,321.7,319.7
1902,346.2,361.7,330.7
1903,348.7,357.7,339.7
1904,349.2,339.7,358.7
1905,344.7,368.7,320.7
1906,363.7,398.7,328.7
1907,320.2,319.7,320.7
1908,345.7,360.7,330.7
1909,331.2,321.7,340.7
1910,340.2,359.7,320.7
1911,354.7,329.7,379.7
1912,339.2,358.7,319.7
1913,340.7,360.7,320.7
1914,338.7,357.7,319.7
1915,358.7,358.7,358.7
1916,329.2,319.7,338.7
1917,345.7,370.7,320.7
1918,320.7,320.7,320.7
1919,325.2,330.7,319.7
1920,345.2,369.7,320.7
1921,372.2,359.7,384.7
1922,381.7,383.7,379.7
1923,353.7,338.7,368.7
1924,347.7,324.7,370.7
1925,360.2,321.7,398.7
1926,320.7,320.7,320.7
1927,359.7,359.7,359.7
1928,344.7,358.7,330.7
1929,368.2,377.7,358.7
1930,349.7,319.7,379.7
1931,350.2,319.7,380.7
1932,321.7,318.7,324.7
1933,343.7,357.7,329.7
1934,360.2,358.7,361.7
1935,354.2,320.7,387.7
1936,374.7,379.7,369.7
1937,374.7,360.7,388.7
1938,355.2,350.7,359.7
1939,359.7,359.7,359.7
1940,369.2,388.7,349.7
1941,337.2,344.7,329.7
1942,345.2,320.7,369.7
1943,344.2,358.7,329.7
1944,360.2,361.7,358.7
1945,326.7,320.7,332.7
1946,324.2,318.7,329.7
1947,389.2,389.7,388.7
1948,319.7,318.7,320.7
1949,339.7,359.7,319.7
1950,366.2,391.7,340.7
1951,345.2,369.7,320.7
1952,407.7,399.7,415.7
1953,341.2,360.7,321.7
1954,359.2,358.7,359.7
1955,354.2,320.7,387.7
1956,340.2,359.7,320.7
1957,351.2,360.7,341.7
1958,332.2,319.7,344.7
1959,345.2,330.7,359.7
1960,354.7,320.7,388.7
1961,349.7,369.7,329.7
1962,368.7,359.7,377.7
1963,319.2,320.7,317.7
1964,357.7,394.7,320.7
1965,326.2,330.7,321.7
1966,379.7,380.7,378.7
1967,374.2,378.7,369.7
1968,365.7,361.7,369.7
1969,340.2,360.7,319.7
1970,316.2,301.7,330.7
1971,340.7,320.7,360.7
1972,364.2,399.7,328.7
1973,340.2,339.7,340.7
1974,324.7,320.7,328.7
1975,347.7,368.7,326.7
1976,349.2,338.7,359.7
1977,343.7,356.7,330.7
1978,353.7,339.7,367.7
1979,370.7,420.7,320.7
1980,364.7,358.7,370.7
1981,339.7,319.7,359.7
1982,359.7,359.7,359.7
1983,351.7,383.7,319.7
1984,339.7,359.7,319.7
1985,345.2,359.7,330.7
1986,330.2,330.7,329.7
1987,364.2,369.7,358.7
1988,341.2,361.7,320.7
1989,345.7,360.7,330.7
1990,329.7,319.7,339.7
1991,344.7,319.7,369.7
1992,328.2,335.7,320.7
1993,390.2,389.7,390.7
1994,339.7,319.7,359.7
1995,366.7,398.7,334.7
1996,359.2,379.7,338.7
1997,360.2,360.7,359.7
1998,339.2,358.7,319.7
1999,380.7,370.7,390.7
2000,363.7,367.7,359.7
2001,341.7,319.7,363.7
2002,344.2,358.7,329.7
2003,353.7,378.7,328.7
2004,344.2,368.7,319.7
2005,363.7,359.7,367.7
2006,361.2,360.7,361.7
2007,338.2,355.7,320.7
2008,349.7,369.7,329.7
2009,359.7,359.7,359.7
2010,365.2,359.7,370.7
2011,376.7,374.7,378.7
2012,350.7,329.7,371.7
2013,360.7,359.7,361.7
2014,363.7,361.7,365.7
2015,320.2,319.7,320.7
2016,329.2,338.7,319.7
2017,359.7,359.7,359.7
2018,374.7,389.7,359.7
2019,359.2,357.7,360.7
2020,340.2,359.7,320.7
2021,363.7,359.7,367.7
2022,344.2,369.7,318.7
2023,347.7,358.7,336.7
2024,337.7,334.7,340.7
2025,343.7,358.7,328.7
2026,380.2,389.7,370.7
2027,339.7,319.7,359.7
2028,369.7,369.7,369.7
2029,344.7,329.7,359.7
2030,378.2,361.7,394.7
2031,379.7,398.7,360.7
2032,340.2,359.7,320.7
2033,348.2,329.7,366.7
2034,369.7,379.7,359.7
2035,354.2,387.7,320.7
2036,342.2,359.7,324.7
2037,339.2,359.7,318.7
2038,344.7,369.7,319.7
2039,359.7,358.7,360.7
2040,370.2,349.7,390.7
2041,353.7,385.7,321.7
2042,359.7,359.7,359.7
2043,323.2,318.7,327.7
2044,355.2,388.7,321.7
2045,350.7,360.7,340.7
2046,375.7,370.7,380.7
2047,351.7,363.7,339.7
2048,340.2,359.7,320.7
2049,366.2,372.7,359.7
2050,325.7,330.7,320.7
2051,344.7,368.7,320.7
2052,338.7,358.7,318.7
2053,359.7,359.7,359.7
2054,339.7,358.7,320.7
2055,349.2,358.7,339.7
2056,374.7,381.7,367.7
2057,339.7,359.7,319.7
2058,339.7,360.7,318.7
2059,359.7,360.7,358.7
2060,327.7,321.7,333.7
2061,325.7,320.7,330.7
2062,371.7,379.7,363.7
2063,345.2,369.7,320.7
2064,324.7,319.7,329.7
2065,340.2,320.7,359.7
2066,340.2,320.7,359.7
2067,364.7,359.7,369.7
2068,335.2,340.7,329.7
2069,339.2,318.7,359.7
2070,324.7,330.7,318.7
2071,355.2,340.7,369.7
2072,369.2,358.7,379.7
2073,347.7,358.7,336.7
2074,352.7,359.7,345.7
2075,350.2,319.7,380.7
2076,339.2,319.7,358.7
2077,336.2,319.7,352.7
2078,380.2,398.7,361.7
2079,346.2,368.7,323.7
2080,329.7,339.7,319.7
2081,342.7,361.7,323.7
2082,360.7,360.7,360.7
2083,339.7,357.7,321.7
2084,369.7,378.7,360.7
2085,344.7,358.7,330.7
2086,359.7,359.7,359.7
2087,344.2,369.7,318.7
2088,349.2,319.7,378.7
2089,339.7,359.7,319.7
2090,369.7,369.7,369.7
2091,345.7,370.7,320.7
2092,354.7,379.7,329.7
2093,364.7,369.7,359.7
2094,319.7,320.7,318.7
2095,354.2,339.7,368.7
2096,369.7,379.7,359.7
2097,370.7,370.7,370.7
2098,375.2,369.7,380.7
2099,340.2,320.7,359.7
2100,363.7,357.7,369.7
2101,367.7,375.7,359.7
2102,391.7,423.7,359.7
2103,340.2,359.7,320.7
2104,339.7,359.7,319.7
2105,360.7,356.7,364.7
2106,349.2,378.7,319.7
2107,343.2,357.7,328.7
2108,378.7,396.7,360.7
2109,373.7,378.7,368.7
2110,350.7,339.7,361.7
2111,321.7,321.7,321.7
2112,355.7,340.7,370.7
2113,340.7,359.7,321.7
2114,359.7,359.7,359.7
2115,344.7,358.7,330.7
2116,341.2,320.7,361.7
2117,371.7,363.7,379.7
2118,385.7,359.7,411.7
2119,324.2,320.7,327.7
2120,325.7,319.7,331.7
2121,326.7,329.7,323.7
2122,364.7,360.7,368.7
2123,344.7,328.7,360.7
2124,353.7,379.7,327.7
2125,317.7,353.7,281.7
2126,325.2,331.7,318.7
2127,339.7,359.7,319.7
2128,368.2,375.7,360.7
2129,328.2,318.7,337.7
2130,375.2,370.7,379.7
2131,340.2,360.7,319.7
2132,362.7,394.7,330.7
2133,345.2,330.7,359.7
2134,338.7,318.7,358.7
2135,344.2,359.7,328.7
2136,374.7,369.7,379.7
2137,348.7,377.7,319.7
2138,347.7,359.7,335.7
2139,328.7,318.7,338.7
2140,350.7,359.7,341.7
2141,354.7,340.7,368.7
2142,365.7,361.7,369.7
2143,323.7,320.7,326.7
2144,319.2,319.7,318.7
2145,374.2,389.7,358.7
2146,335.7,340.7,330.7
2147,354.2,369.7,338.7
2148,339.2,319.7,358.7
2149,362.7,360.7,364.7
2150,392.7,379.7,405.7
2151,320.2,320.7,319.7
2152,335.2,330.7,339.7
2153,349.7,339.7,359.7
2154,329.7,339.7,319.7
2155,366.2,360.7,371.7
2156,354.2,339.7,368.7
2157,330.7,330.7,330.7
2158,346.2,360.7,331.7
2159,340.2,359.7,320.7
2160,347.7,364.7,330.7
2161,352.2,338.7,365.7
2162,384.7,349.7,419.7
2163,330.2,320.7,339.7
2164,338.7,347.7,329.7
2165,378.2,369.7,386.7
2166,340.2,359.7,320.7
2167,331.2,340.7,321.7
2168,329.7,340.7,318.7
2169,319.7,319.7,319.7
2170,369.2,379.7,358.7
2171,356.7,383.7,329.7
2172,364.7,359.7,369.7
2173,375.2,379.7,370.7
2174,349.7,378.7,320.7
2175,390.2,371.7,408.7
2176,368.2,368.7,367.7
2177,350.2,368.7,331.7
2178,337.7,356.7,318.7
2179,335.2,350.7,319.7
2180,347.7,374.7,320.7
2181,325.2,329.7,320.7
2182,332.2,340.7,323.7
2183,350.2,369.7,330.7
2184,360.7,400.7,320.7
2185,350.2,340.7,359.7
2186,330.2,330.7,329.7
2187,340.7,359.7,321.7
2188,359.7,359.7,359.7
2189,339.7,358.7,320.7
2190,369.7,359.7,379.7
2191,345.2,368.7,321.7
2192,342.2,358.7,325.7
2193,340.2,359.7,320.7
2194,349.7,320.7,378.7
2195,355.2,355.7,354.7
2196,339.2,358.7,319.7
2197,345.7,321.7,369.7
2198,335.2,338.7,331.7
2199,368.7,377.7,359.7
2200,369.7,361.7,377.7
2201,350.7,321.7,379.7
2202,342.2,320.7,363.7
2203,374.2,359.7,388.7
2204,371.7,374.7,368.7
2205,339.2,358.7,319.7
2206,370.7,370.7,370.7
2207,344.2,329.7,358.7
2208,363.7,358.7,368.7
2209,378.7,369.7,387.7
2210,329.7,339.7,319.7
2211,320.2,320.7,319.7
2212,366.2,369.7,362.7
2213,365.2,360.7,369.7
2214,354.2,368.7,339.7
2215,349.7,320.7,378.7
2216,326.2,331.7,320.7
2217,364.2,369.7,358.7
2218,360.2,359.7,360.7
2219,349.7,330.7,368.7
2220,340.2,320.7,359.7
2221,361.2,379.7,342.7
2222,344.7,319.7,369.7
2223,356.2,382.7,329.7
2224,349.7,378.7,320.7
2225,340.2,349.7,330.7
2226,324.2,328.7,319.7
2227,360.2,360.7,359.7
2228,367.7,318.7,416.7
2229,360.2,380.7,339.7
2230,364.7,369.7,359.7
2231,354.2,358.7,349.7
2232,324.7,329.7,319.7
2233,347.7,361.7,333.7
2234,379.7,359.7,399.7
2235,325.2,319.7,330.7
2236,344.7,319.7,369.7
2237,368.2,398.7,337.7
2238,359.7,358.7,360.7
2239,345.7,360.7,330.7
2240,350.2,369.7,330.7
2241,360.2,360.7,359.7
2242,364.2,368.7,359.7
2243,338.7,357.7,319.7
2244,327.2,319.7,334.7
2245,320.2,320.7,319.7
2246,364.2,397.7,330.7
2247,345.2,321.7,368.7
2248,360.2,359.7,360.7
2249,349.7,378.7,320.7
2250,372.7,375.7,369.7
2251,345.2,359.7,330.7
2252,364.7,358.7,370.7
2253,357.2,363.7,350.7
2254,355.2,320.7,389.7
2255,334.7,349.7,319.7
2256,344.7,359.7,329.7
2257,349.7,318.7,380.7
2258,345.7,360.7,330.7
2259,365.2,389.7,340.7
2260,339.7,358.7,320.7
2261,345.2,368.7,321.7
2262,319.7,320.7,318.7
2263,345.2,329.7,360.7
2264,353.2,385.7,320.7
2265,367.7,359.7,375.7
2266,320.7,321.7,319.7
2267,340.7,321.7,359.7
2268,339.7,358.7,320.7
2269,377.2,359.7,394.7
2270,341.2,360.7,321.7
2271,360.2,340.7,379.7
2272,329.7,329.7,329.7
2273,365.2,369.7,360.7
2274,352.2,374.7,329.7
2275,369.2,359.7,378.7
2276,361.2,361.7,360.7
2277,339.2,358.7,319.7
2278,339.2,320.7,357.7
2279,341.2,358.7,323.7
2280,364.7,360.7,368.7
2281,345.2,359.7,330.7
2282,363.2,365.7,360.7
2283,344.7,368.7,320.7
2284,365.2,370.7,359.7
2285,415.7,416.7,414.7
2286,380.2,380.7,379.7
2287,359.2,358.7,359.7
2288,359.7,358.7,360.7
2289,325.2,330.7,319.7
2290,340.7,360.7,320.7
2291,370.2,361.7,378.7
2292,363.7,369.7,357.7
2293,339.2,319.7,358.7
2294,355.2,369.7,340.7
2295,358.2,358.7,357.7
2296,364.2,380.7,347.7
2297,368.7,359.7,377.7
2298,359.7,368.7,350.7
2299,364.2,359.7,368.7
2300,372.2,375.7,368.7
2301,339.7,319.7,359.7
2302,369.2,359.7,378.7
2303,320.2,319.7,320.7
2304,339.2,359.7,318.7
2305,359.2,359.7,358.7
2306,345.7,370.7,320.7
2307,363.7,358.7,368.7
2308,345.2,329.7,360.7
2309,359.2,337.7,380.7
2310,368.2,359.7,376.7
2311,345.7,370.7,320.7
2312,359.7,359.7,359.7
2313,339.7,358.7,320.7
2314,346.7,359.7,333.7
2315,368.2,360.7,375.7
2316,329.2,339.7,318.7
2317,340.2,360.7,319.7
2318,345.7,369.7,321.7
2319,346.7,349.7,343.7
2320,322.2,320.7,323.7
2321,345.2,369.7,320.7
2322,345.2,360.7,329.7
2323,340.2,339.7,340.7
2324,364.7,359.7,369.7
2325,354.7,359.7,349.7
2326,353.2,345.7,360.7
2327,349.2,369.7,328.7
2328,363.7,368.7,358.7
2329,369.2,368.7,369.7
2330,340.2,341.7,338.7
2331,352.2,373.7,330.7
2332,343.7,329.7,357.7
2333,372.2,384.7,359.7
2334,320.2,320.7,319.7
2335,344.2,330.7,357.7
2336,338.7,357.7,319.7
2337,340.2,330.7,349.7
2338,358.7,358.7,358.7
2339,334.7,348.7,320.7
2340,320.7,320.7,320.7
2341,344.2,319.7,368.7
2342,376.7,379.7,373.7
2343,325.2,330.7,319.7
2344,319.7,319.7,319.7
2345,355.7,380.7,330.7
2346,360.2,379.7,340.7
2347,335.7,359.7,311.7
2348,345.2,319.7,370.7
2349,367.7,365.7,369.7
2350,334.7,350.7,318.7
2351,360.2,359.7,360.7
2352,351.2,365.7,336.7
2353,349.7,378.7,320.7
2354,349.7,359.7,339.7
2355,360.2,389.7,330.7
2356,344.7,360.7,328.7
2357,360.2,359.7,360.7
2358,349.7,339.7,359.7
2359,349.2,339.7,358.7
2360,359.7,359.7,359.7
2361,325.7,330.7,320.7
2362,340.2,360.7,319.7
2363,349.2,358.7,339.7
2364,340.2,360.7,319.7
2365,359.2,359.7,358.7
2366,325.7,330.7,320.7
2367,320.2,320.7,319.7
2368,376.2,390.7,361.7
2369,362.7,358.7,366.7
2370,325.2,330.7,319.7
2371,365.2,339.7,390.7
2372,329.7,339.7,319.7
2373,321.7,321.7,321.7
2374,344.7,329.7,359.7
2375,355.2,379.7,330.7
2376,340.7,359.7,321.7
2377,349.2,378.7,319.7
2378,325.7,330.7,320.7
2379,348.2,349.7,346.7
2380,360.7,360.7,360.7
2381,345.2,360.7,329.7
2382,350.2,370.7,329.7
2383,339.7,340.7,338.7
2384,384.7,379.7,389.7
2385,347.7,375.7,319.7
2386,380.7,365.7,395.7
2387,319.7,319.7,319.7
2388,344.7,329.7,359.7
2389,350.2,343.7,356.7
2390,339.7,358.7,320.7
2391,340.2,319.7,360.7
2392,365.2,379.7,350.7
2393,381.7,364.7,398.7
2394,339.7,359.7,319.7
2395,355.2,370.7,339.7
2396,344.2,319.7,368.7
2397,345.2,339.7,350.7
2398,364.7,369.7,359.7
2399,335.7,340.7,330.7
2400,324.7,318.7,330.7
2401,366.2,343.7,388.7
2402,343.7,368.7,318.7
2403,335.2,330.7,339.7
2404,371.7,381.7,361.7
2405,325.2,319.7,330.7
2406,344.7,359.7,329.7
2407,359.7,358.7,360.7
2408,354.2,359.7,348.7
2409,345.2,368.7,321.7
2410,339.2,319.7,358.7
2411,360.2,360.7,359.7
2412,350.7,380.7,320.7
2413,330.2,340.7,319.7
2414,333.7,340.7,326.7
2415,359.7,359.7,359.7
2416,339.7,359.7,319.7
2417,330.7,319.7,341.7
2418,345.2,361.7,328.7
2419,344.2,318.7,369.7
2420,339.2,359.7,318.7
2421,376.7,386.7,366.7
2422,340.7,359.7,321.7
2423,335.2,338.7,331.7
2424,336.7,328.7,344.7
2425,326.2,311.7,340.7
2426,363.7,398.7,328.7
2427,346.7,359.7,333.7
2428,338.7,320.7,356.7
2429,319.7,319.7,319.7
2430,359.7,360.7,358.7
2431,339.7,358.7,320.7
2432,374.2,370.7,377.7
2433,355.7,350.7,360.7
2434,346.7,319.7,373.7
2435,368.2,399.7,336.7
2436,362.2,359.7,364.7
2437,343.7,358.7,328.7
2438,363.2,358.7,367.7
2439,361.2,361.7,360.7
2440,355.7,390.7,320.7
2441,331.2,321.7,340.7
2442,352.2,369.7,334.7
2443,345.2,369.7,320.7
2444,354.7,358.7,350.7
2445,379.7,398.7,360.7
2446,340.2,320.7,359.7
2447,359.2,358.7,359.7
2448,350.2,340.7,359.7
2449,374.7,389.7,359.7
2450,357.2,360.7,353.7
2451,345.7,320.7,370.7
2452,324.2,328.7,319.7
2453,387.2,409.7,364.7
2454,338.7,318.7,358.7
2455,327.7,319.7,335.7
2456,364.7,368.7,360.7
2457,340.2,320.7,359.7
2458,344.7,358.7,330.7
2459,351.7,372.7,330.7
2460,354.7,369.7,339.7
2461,369.7,358.7,380.7
2462,351.2,357.7,344.7
2463,376.7,403.7,349.7
2464,362.2,359.7,364.7
2465,374.2,369.7,378.7
2466,375.2,400.7,349.7
2467,339.7,359.7,319.7
2468,332.2,329.7,334.7
2469,350.2,380.7,319.7
2470,349.2,379.7,318.7
2471,363.7,397.7,329.7
2472,349.2,358.7,339.7
2473,350.7,379.7,321.7
2474,329.7,319.7,339.7
2475,338.7,357.7,319.7
2476,360.2,358.7,361.7
2477,345.7,361.7,329.7
2478,344.2,368.7,319.7
2479,359.2,359.7,358.7
2480,343.2,340.7,345.7
2481,337.2,319.7,354.7
2482,349.2,378.7,319.7
2483,346.7,359.7,333.7
2484,360.2,399.7,320.7
2485,357.2,344.7,369.7
2486,344.2,368.7,319.7
2487,355.7,341.7,369.7
2488,364.2,368.7,359.7
2489,323.2,319.7,326.7
2490,363.2,367.7,358.7
2491,355.2,359.7,350.7
2492,374.7,369.7,379.7
2493,341.2,361.7,320.7
2494,345.2,369.7,320.7
2495,355.2,379.7,330.7
2496,330.2,339.7,320.7
2497,344.7,369.7,319.7
2498,392.2,382.7,401.7
2499,364.7,359.7,369.7
2500,364.2,359.7,368.7
2501,348.2,375.7,320.7
2502,366.2,359.7,372.7
2503,340.2,359.7,320.7
2504,363.7,397.7,329.7
2505,349.7,368.7,330.7
2506,339.7,359.7,319.7
2507,339.2,358.7,319.7
2508,340.2,340.7,339.7
2509,340.2,359.7,320.7
2510,344.2,368.7,319.7
2511,344.2,368.7,319.7
2512,345.7,360.7,330.7
2513,360.7,361.7,359.7
2514,361.7,369.7,353.7
2515,360.7,360.7,360.7
2516,346.2,370.7,321.7
2517,325.2,319.7,330.7
2518,348.7,336.7,360.7
2519,357.7,361.7,353.7
2520,374.2,388.7,359.7
2521,338.7,318.7,358.7
2522,350.7,379.7,321.7
2523,344.2,369.7,318.7
2524,359.7,358.7,360.7
2525,326.2,320.7,331.7
2526,344.7,369.7,319.7
2527,340.7,351.7,329.7
2528,342.2,335.7,348.7
2529,369.2,376.7,361.7
2530,358.2,345.7,370.7
2531,347.7,376.7,318.7
2532,360.2,360.7,359.7
2533,369.2,359.7,378.7
2534,383.2,407.7,358.7
2535,364.2,359.7,368.7
2536,335.7,331.7,339.7
2537,360.2,359.7,360.7
2538,345.2,359.7,330.7
2539,340.2,359.7,320.7
2540,339.7,319.7,359.7
2541,325.2,330.7,319.7
2542,320.7,320.7,320.7
2543,320.7,320.7,320.7
2544,359.7,369.7,349.7
2545,340.2,359.7,320.7
2546,325.2,330.7,319.7
2547,359.2,359.7,358.7
2548,361.7,359.7,363.7
2549,345.2,369.7,320.7
2550,349.2,378.7,319.7
2551,375.2,390.7,359.7
2552,369.2,378.7,359.7
2553,340.2,359.7,320.7
2554,383.2,390.7,375.7
2555,322.7,318.7,326.7
2556,353.7,348.7,358.7
2557,363.2,358.7,367.7
2558,345.2,370.7,319.7
2559,340.2,320.7,359.7
2560,340.7,359.7,321.7
2561,345.2,360.7,329.7
2562,360.2,359.7,360.7
2563,335.7,347.7,323.7
2564,326.2,331.7,320.7
2565,345.2,330.7,359.7
2566,339.7,359.7,319.7
2567,339.7,359.7,319.7
2568,350.2,359.7,340.7
2569,340.2,359.7,320.7
2570,344.7,360.7,328.7
2571,355.7,390.7,320.7
2572,364.7,368.7,360.7
2573,320.7,320.7,320.7
2574,350.2,380.7,319.7
2575,365.2,359.7,370.7
2576,325.7,320.7,330.7
2577,354.2,348.7,359.7
2578,320.2,321.7,318.7
2579,364.2,369.7,358.7
2580,359.7,319.7,399.7
2581,300.7,281.7,319.7
2582,359.7,359.7,359.7
2583,380.2,359.7,400.7
2584,339.7,320.7,358.7
2585,325.7,321.7,329.7
2586,369.2,369.7,368.7
2587,360.7,361.7,359.7
2588,340.7,360.7,320.7
2589,345.7,360.7,330.7
2590,379.2,388.7,369.7
2591,340.2,360.7,319.7
2592,320.2,321.7,318.7
2593,340.2,360.7,319.7
2594,335.7,320.7,350.7
2595,364.7,350.7,378.7
2596,324.2,320.7,327.7
2597,343.2,360.7,325.7
2598,339.7,359.7,319.7
2599,359.7,367.7,351.7
2600,319.7,319.7,319.7
2601,339.7,358.7,320.7
2602,324.7,330.7,318.7
2603,346.2,328.7,363.7
2604,379.2,398.7,359.7
2605,330.2,330.7,329.7
2606,341.2,330.7,351.7
2607,366.2,369.7,362.7
2608,325.7,319.7,331.7
2609,358.7,357.7,359.7
2610,345.2,359.7,330.7
2611,340.7,361.7,319.7
2612,383.2,397.7,368.7
2613,369.7,369.7,369.7
2614,372.2,358.7,385.7
2615,345.7,360.7,330.7
2616,340.2,359.7,320.7
2617,360.7,361.7,359.7
2618,364.7,369.7,359.7
2619,339.7,320.7,358.7
2620,370.2,379.7,360.7
2621,344.2,368.7,319.7
2622,353.7,368.7,338.7
2623,325.7,320.7,330.7
2624,325.2,330.7,319.7
2625,354.2,347.7,360.7
2626,359.2,359.7,358.7
2627,334.7,319.7,349.7
2628,354.7,388.7,320.7
2629,339.2,358.7,319.7
2630,340.2,320.7,359.7
2631,364.7,359.7,369.7
2632,352.7,367.7,337.7
2633,344.7,369.7,319.7
2634,323.7,320.7,326.7
2635,351.2,359.7,342.7
2636,355.7,368.7,342.7
2637,347.2,333.7,360.7
2638,324.7,319.7,329.7
2639,339.7,358.7,320.7
2640,354.2,359.7,348.7
2641,344.7,349.7,339.7
2642,345.2,360.7,329.7
2643,355.2,320.7,389.7
2644,325.7,321.7,329.7
2645,344.7,358.7,330.7
2646,320.7,320.7,320.7
2647,345.7,361.7,329.7
2648,349.7,330.7,368.7
2649,339.2,358.7,319.7
2650,343.7,318.7,368.7
2651,364.7,359.7,369.7
2652,325.2,320.7,329.7
2653,355.2,379.7,330.7
2654,346.2,331.7,360.7
2655,346.7,360.7,332.7
2656,327.7,335.7,319.7
2657,335.7,349.7,321.7
2658,354.7,388.7,320.7
2659,359.7,359.7,359.7
2660,330.2,340.7,319.7
2661,346.2,370.7,321.7
2662,340.2,350.7,329.7
2663,372.2,369.7,374.7
2664,358.7,357.7,359.7
2665,319.7,320.7,318.7
2666,381.2,381.7,380.7
2667,349.7,369.7,329.7
2668,375.2,359.7,390.7
2669,339.2,358.7,319.7
2670,339.7,318.7,360.7
2671,319.2,318.7,319.7
2672,383.2,377.7,388.7
2673,369.7,379.7,359.7
2674,329.7,338.7,320.7
2675,340.2,358.7,321.7
2676,324.7,329.7,319.7
2677,324.7,329.7,319.7
2678,339.7,357.7,321.7
2679,352.7,369.7,335.7
2680,354.7,369.7,339.7
2681,320.2,320.7,319.7
2682,345.7,361.7,329.7
2683,343.7,368.7,318.7
2684,349.2,360.7,337.7
2685,355.7,371.7,339.7
2686,364.7,369.7,359.7
2687,325.2,329.7,320.7
2688,320.2,319.7,320.7
2689,345.7,330.7,360.7
2690,339.2,358.7,319.7
2691,355.7,379.7,331.7
2692,359.7,378.7,340.7
2693,339.7,360.7,318.7
2694,324.2,328.7,319.7
2695,345.2,320.7,369.7
2696,359.7,359.7,359.7
2697,320.2,319.7,320.7
2698,343.7,317.7,369.7
2699,350.2,370.7,329.7
2700,349.2,359.7,338.7
2701,355.7,360.7,350.7
2702,365.7,370.7,360.7
2703,345.7,360.7,330.7
2704,320.2,321.7,318.7
2705,349.7,378.7,320.7
2706,386.7,368.7,404.7
2707,349.7,380.7,318.7
2708,330.7,321.7,339.7
2709,330.7,336.7,324.7
2710,346.7,353.7,339.7
2711,347.7,358.7,336.7
2712,365.2,359.7,370.7
2713,364.7,359.7,369.7
2714,345.2,369.7,320.7
2715,363.7,367.7,359.7
2716,353.7,338.7,368.7
2717,341.7,319.7,363.7
2718,353.2,359.7,346.7
2719,325.2,320.7,329.7
2720,384.7,359.7,409.7
2721,354.7,358.7,350.7
2722,319.7,319.7,319.7
2723,320.7,319.7,321.7
2724,344.2,328.7,359.7
2725,343.7,329.7,357.7
2726,359.7,357.7,361.7
2727,319.7,319.7,319.7
2728,367.7,364.7,370.7
2729,354.7,369.7,339.7
2730,365.2,369.7,360.7
2731,339.7,319.7,359.7
2732,369.2,359.7,378.7
2733,349.7,378.7,320.7
2734,361.2,360.7,361.7
2735,339.7,359.7,319.7
2736,359.7,359.7,359.7
2737,385.2,451.7,318.7
2738,323.7,327.7,319.7
2739,354.7,358.7,350.7
2740,325.2,329.7,320.7
2741,344.7,359.7,329.7
2742,327.2,320.7,333.7
2743,355.2,379.7,330.7
2744,349.2,359.7,338.7
2745,372.7,394.7,350.7
2746,405.7,406.7,404.7
2747,340.2,360.7,319.7
2748,334.7,349.7,319.7
2749,331.2,340.7,321.7
2750,327.7,329.7,325.7
2751,350.2,369.7,330.7
2752,339.7,319.7,359.7
2753,350.2,370.7,329.7
2754,370.2,360.7,379.7
2755,359.7,358.7,360.7
2756,339.2,358.7,319.7
2757,339.7,359.7,319.7
2758,362.7,380.7,344.7
2759,360.2,330.7,389.7
2760,338.7,350.7,326.7
2761,348.2,360.7,335.7
2762,335.2,290.7,379.7
2763,340.2,320.7,359.7
2764,343.7,357.7,329.7
2765,343.7,319.7,367.7
2766,345.2,320.7,369.7
2767,331.7,329.7,333.7
2768,330.7,330.7,330.7
2769,325.2,319.7,330.7
2770,344.2,368.7,319.7
2771,345.2,320.7,369.7
2772,344.7,360.7,328.7
2773,339.7,359.7,319.7
2774,339.7,320.7,358.7
2775,333.7,346.7,320.7
2776,344.7,329.7,359.7
2777,345.2,320.7,369.7
2778,362.2,368.7,355.7
2779,324.2,328.7,319.7
2780,345.2,330.7,359.7
2781,360.2,360.7,359.7
2782,378.2,369.7,386.7
2783,359.7,389.7,329.7
2784,350.7,363.7,337.7
2785,344.2,368.7,319.7
2786,341.2,341.7,340.7
2787,320.2,320.7,319.7
2788,354.7,370.7,338.7
2789,328.7,335.7,321.7
2790,360.2,360.7,359.7
2791,319.7,320.7,318.7
2792,325.2,329.7,320.7
2793,320.2,319.7,320.7
2794,354.7,369.7,339.7
2795,349.7,360.7,338.7
2796,340.2,360.7,319.7
2797,344.2,359.7,328.7
2798,319.7,319.7,319.7
2799,342.7,364.7,320.7
2800,354.2,319.7,388.7
2801,345.2,320.7,369.7
2802,374.2,359.7,388.7
2803,320.2,320.7,319.7
2804,320.2,320.7,319.7
2805,334.2,330.7,337.7
2806,361.2,400.7,321.7
2807,343.2,329.7,356.7
2808,346.7,349.7,343.7
2809,360.7,360.7,360.7
2810,342.7,358.7,326.7
2811,325.2,330.7,319.7
2812,354.7,378.7,330.7
2813,340.7,359.7,321.7
2814,359.7,359.7,359.7
2815,324.2,320.7,327.7
2816,329.2,338.7,319.7
2817,343.2,359.7,326.7
2818,345.7,369.7,321.7
2819,340.7,321.7,359.7
2820,339.2,358.7,319.7
2821,327.7,319.7,335.7
2822,352.2,373.7,330.7
2823,342.2,329.7,354.7
2824,369.2,369.7,368.7
2825,340.7,340.7,340.7
2826,325.2,329.7,320.7
2827,365.2,409.7,320.7
2828,331.2,320.7,341.7
2829,359.2,358.7,359.7
2830,331.2,321.7,340.7
2831,325.7,330.7,320.7
2832,329.7,328.7,330.7
2833,340.7,359.7,321.7
2834,340.7,360.7,320.7
2835,369.7,359.7,379.7
2836,349.2,378.7,319.7
2837,355.7,390.7,320.7
2838,350.2,378.7,321.7
2839,359.7,388.7,330.7
2840,370.2,350.7,389.7
2841,360.7,361.7,359.7
2842,352.7,343.7,361.7
2843,340.2,319.7,360.7
2844,378.7,398.7,358.7
2845,325.7,330.7,320.7
2846,324.7,319.7,329.7
2847,353.2,350.7,355.7
2848,360.2,370.7,349.7
2849,334.2,319.7,348.7
2850,344.7,368.7,320.7
2851,351.2,340.7,361.7
2852,335.7,350.7,320.7
2853,360.2,358.7,361.7
2854,342.7,352.7,332.7
2855,360.2,369.7,350.7
2856,354.7,359.7,349.7
2857,375.2,360.7,389.7
2858,349.2,329.7,368.7
2859,380.7,321.7,439.7
2860,339.2,349.7,328.7
2861,324.7,328.7,320.7
2862,321.2,360.7,281.7
2863,326.2,320.7,331.7
2864,340.7,360.7,320.7
2865,370.2,361.7,378.7
2866,325.2,319.7,330.7
2867,320.2,318.7,321.7
2868,330.7,320.7,340.7
2869,371.2,399.7,342.7
2870,344.7,320.7,368.7
2871,344.2,358.7,329.7
2872,341.2,361.7,320.7
2873,340.2,360.7,319.7
2874,369.2,360.7,377.7
2875,346.7,371.7,321.7
2876,329.7,328.7,330.7
2877,350.2,378.7,321.7
2878,355.2,318.7,391.7
2879,344.7,360.7,328.7
2880,359.7,359.7,359.7
2881,344.7,369.7,319.7
2882,360.7,359.7,361.7
2883,320.7,320.7,320.7
2884,354.2,319.7,388.7
2885,374.7,359.7,389.7
2886,367.2,359.7,374.7
2887,354.7,379.7,329.7
2888,319.2,319.7,318.7
2889,330.2,330.7,329.7
2890,339.7,359.7,319.7
2891,350.7,341.7,359.7
2892,349.7,370.7,328.7
2893,320.2,319.7,320.7
2894,360.2,360.7,359.7
2895,364.2,370.7,357.7
2896,349.7,369.7,329.7
2897,324.7,329.7,319.7
2898,344.7,369.7,319.7
2899,355.7,360.7,350.7
2900,320.7,321.7,319.7
2901,320.2,320.7,319.7
2902,364.7,360.7,368.7
2903,342.7,354.7,330.7
2904,345.2,359.7,330.7
2905,347.2,361.7,332.7
2906,319.2,319.7,318.7
2907,320.2,320.7,319.7
2908,352.7,359.7,345.7
2909,364.7,359.7,369.7
2910,353.2,358.7,347.7
2911,370.2,419.7,320.7
2912,339.7,359.7,319.7
2913,349.7,319.7,379.7
2914,338.7,340.7,336.7
2915,378.7,387.7,369.7
2916,325.2,330.7,319.7
2917,319.2,318.7,319.7
2918,339.7,320.7,358.7
2919,344.7,369.7,319.7
2920,343.7,357.7,329.7
2921,362.2,358.7,365.7
2922,339.7,349.7,329.7
2923,349.2,359.7,338.7
2924,330.7,320.7,340.7
2925,353.7,346.7,360.7
2926,329.7,367.7,291.7
2927,325.7,330.7,320.7
2928,354.7,388.7,320.7
2929,353.2,365.7,340.7
2930,343.2,329.7,356.7
2931,368.7,370.7,366.7
2932,340.2,358.7,321.7
2933,355.2,320.7,389.7
2934,344.2,359.7,328.7
2935,335.7,327.7,343.7
2936,360.7,394.7,326.7
2937,325.7,318.7,332.7
2938,340.2,359.7,320.7
2939,340.7,360.7,320.7
2940,325.2,330.7,319.7
2941,320.2,319.7,320.7
2942,327.2,333.7,320.7
2943,330.7,330.7,330.7
2944,325.7,329.7,321.7
2945,324.7,320.7,328.7
2946,345.7,320.7,370.7
2947,341.7,363.7,319.7
2948,361.2,361.7,360.7
2949,354.7,368.7,340.7
2950,345.2,360.7,329.7
2951,325.2,329.7,320.7
2952,364.7,368.7,360.7
2953,344.7,369.7,319.7
2954,345.2,319.7,370.7
2955,343.7,367.7,319.7
2956,346.2,330.7,361.7
2957,345.7,330.7,360.7
2958,324.7,330.7,318.7
2959,320.2,320.7,319.7
2960,349.2,358.7,339.7
2961,362.7,379.7,345.7
2962,360.2,359.7,360.7
2963,340.7,361.7,319.7
2964,339.7,358.7,320.7
2965,377.7,386.7,368.7
2966,300.2,280.7,319.7
2967,329.2,319.7,338.7
2968,339.2,338.7,339.7
2969,349.2,378.7,319.7
2970,381.7,399.7,363.7
2971,323.7,319.7,327.7
2972,374.2,379.7,368.7
2973,354.7,389.7,319.7
2974,339.7,359.7,319.7
2975,350.7,320.7,380.7
2976,364.7,369.7,359.7
2977,349.7,339.7,359.7
2978,344.2,359.7,328.7
2979,360.7,360.7,360.7
2980,325.2,320.7,329.7
2981,337.7,329.7,345.7
2982,359.2,358.7,359.7
2983,339.7,358.7,320.7
2984,344.7,359.7,329.7
2985,340.2,360.7,319.7
2986,344.7,319.7,369.7
2987,375.2,410.7,339.7
2988,325.2,330.7,319.7
2989,331.2,330.7,331.7
2990,325.2,319.7,330.7
2991,327.2,333.7,320.7
2992,341.2,360.7,321.7
2993,344.2,358.7,329.7
2994,344.2,368.7,319.7
2995,358.7,358.7,358.7
2996,325.7,329.7,321.7
2997,330.2,320.7,339.7
2998,329.2,319.7,338.7
2999,358.2,370.7,345.7
3000,362.7,360.7,364.7
3001,346.2,361.7,330.7
3002,331.7,321.7,341.7
3003,357.7,395.7,319.7
3004,357.7,359.7,355.7
3005,353.7,369.7,337.7
3006,386.7,394.7,378.7
3007,341.7,321.7,361.7
3008,332.2,333.7,330.7
3009,340.7,360.7,320.7
3010,349.2,377.7,320.7
3011,360.2,370.7,349.7
3012,352.7,320.7,384.7
3013,360.7,361.7,359.7
3014,365.7,360.7,370.7
3015,342.7,326.7,358.7
3016,325.2,329.7,320.7
3017,335.2,320.7,349.7
3018,364.2,368.7,359.7
3019,373.2,359.7,386.7
3020,330.2,320.7,339.7
3021,324.7,328.7,320.7
3022,360.7,360.7,360.7
3023,340.2,359.7,320.7
3024,328.7,321.7,335.7
3025,365.2,360.7,369.7
3026,343.2,320.7,365.7
3027,330.2,319.7,340.7
3028,350.7,360.7,340.7
3029,358.2,357.7,358.7
3030,353.7,378.7,328.7
3031,304.7,280.7,328.7
3032,339.7,358.7,320.7
3033,339.2,328.7,349.7
3034,357.2,354.7,359.7
3035,324.7,328.7,320.7
3036,359.2,358.7,359.7
3037,320.2,320.7,319.7
3038,335.2,339.7,330.7
3039,340.2,358.7,321.7
3040,360.2,359.7,360.7
3041,369.2,358.7,379.7
3042,330.7,320.7,340.7
3043,300.7,281.7,319.7
3044,319.7,319.7,319.7
3045,339.7,320.7,358.7
3046,333.7,337.7,329.7
3047,347.2,373.7,320.7
3048,374.2,368.7,379.7
3049,320.7,320.7,320.7
3050,334.7,319.7,349.7
3051,354.2,368.7,339.7
3052,379.2,389.7,368.7
3053,340.2,319.7,360.7
3054,346.7,367.7,325.7
3055,334.7,350.7,318.7
3056,364.2,358.7,369.7
3057,349.2,358.7,339.7
3058,338.7,358.7,318.7
3059,340.7,360.7,320.7
3060,350.2,369.7,330.7
3061,360.2,360.7,359.7
3062,357.7,354.7,360.7
3063,320.2,320.7,319.7
3064,345.2,369.7,320.7
3065,365.2,320.7,409.7
3066,321.7,321.7,321.7
3067,345.7,330.7,360.7
3068,349.7,368.7,330.7
3069,340.7,321.7,359.7
3070,325.7,330.7,320.7
3071,354.2,348.7,359.7
3072,323.2,320.7,325.7
3073,327.7,334.7,320.7
3074,374.7,379.7,369.7
3075,364.2,368.7,359.7
3076,345.2,359.7,330.7
3077,352.7,364.7,340.7
3078,344.2,368.7,319.7
3079,344.7,359.7,329.7
3080,387.7,398.7,376.7
3081,366.2,361.7,370.7
3082,324.2,329.7,318.7
3083,343.7,368.7,318.7
3084,344.2,319.7,368.7
3085,350.2,330.7,369.7
3086,320.2,319.7,320.7
3087,330.2,340.7,319.7
3088,329.7,329.7,329.7
3089,323.2,321.7,324.7
3090,348.7,358.7,338.7
3091,345.2,330.7,359.7
3092,328.2,330.7,325.7
3093,345.7,360.7,330.7
3094,340.2,359.7,320.7
3095,358.7,358.7,358.7
3096,364.2,398.7,329.7
3097,340.2,361.7,318.7
3098,360.7,319.7,401.7
3099,345.2,360.7,329.7
3100,351.2,319.7,382.7
3101,340.2,359.7,320.7
3102,354.7,359.7,349.7
3103,359.2,396.7,321.7
3104,372.2,422.7,321.7
3105,369.7,379.7,359.7
3106,364.2,378.7,349.7
3107,359.7,389.7,329.7
3108,354.7,389.7,319.7
3109,340.2,358.7,321.7
3110,339.2,357.7,320.7
3111,354.7,388.7,320.7
3112,339.7,359.7,319.7
3113,344.7,359.7,329.7
3114,331.7,341.7,321.7
3115,355.7,380.7,330.7
3116,320.2,320.7,319.7
3117,340.2,359.7,320.7
3118,344.2,366.7,321.7
3119,344.7,330.7,358.7
3120,338.7,356.7,320.7
3121,320.7,321.7,319.7
3122,364.2,369.7,358.7
3123,320.7,320.7,320.7
3124,349.7,359.7,339.7
3125,356.7,388.7,324.7
3126,378.7,397.7,359.7
3127,345.7,332.7,358.7
3128,325.7,329.7,321.7
3129,357.2,373.7,340.7
3130,358.7,368.7,348.7
3131,349.2,357.7,340.7
3132,340.7,360.7,320.7
3133,345.7,331.7,359.7
3134,354.2,387.7,320.7
3135,364.7,359.7,369.7
3136,320.2,319.7,320.7
3137,319.7,318.7,320.7
3138,319.7,319.7,319.7
3139,321.2,321.7,320.7
3140,321.2,321.7,320.7
3141,340.2,359.7,320.7
3142,350.2,319.7,380.7
3143,325.2,320.7,329.7
3144,345.2,369.7,320.7
3145,354.7,388.7,320.7
3146,320.7,320.7,320.7
3147,330.7,319.7,341.7
3148,319.7,319.7,319.7
3149,319.2,318.7,319.7
3150,350.7,335.7,365.7
3151,357.2,359.7,354.7
3152,339.7,320.7,358.7
3153,340.2,349.7,330.7
3154,320.7,320.7,320.7
3155,357.2,380.7,333.7
3156,364.2,358.7,369.7
3157,350.7,358.7,342.7
3158,340.2,340.7,339.7
3159,339.2,359.7,318.7
3160,346.2,370.7,321.7
3161,340.2,359.7,320.7
3162,339.2,358.7,319.7
3163,360.2,361.7,358.7
3164,370.2,360.7,379.7
3165,345.2,359.7,330.7
3166,341.2,361.7,320.7
3167,364.2,369.7,358.7
3168,320.2,319.7,320.7
3169,369.2,359.7,378.7
3170,330.7,320.7,340.7
3171,320.2,320.7,319.7
3172,360.2,360.7,359.7
3173,352.2,359.7,344.7
3174,354.2,369.7,338.7
3175,336.2,350.7,321.7
3176,369.2,379.7,358.7
3177,329.7,340.7,318.7
3178,340.2,359.7,320.7
3179,349.2,368.7,329.7
3180,359.7,358.7,360.7
3181,359.2,378.7,339.7
3182,350.2,330.7,369.7
3183,364.2,359.7,368.7
3184,320.2,320.7,319.7
3185,354.7,368.7,340.7
3186,357.2,393.7,320.7
3187,330.7,330.7,330.7
3188,323.2,319.7,326.7
3189,360.7,359.7,361.7
3190,320.2,320.7,319.7
3191,356.7,359.7,353.7
3192,342.2,363.7,320.7
3193,362.2,358.7,365.7
3194,341.2,361.7,320.7
3195,320.2,320.7,319.7
3196,325.2,320.7,329.7
3197,340.2,359.7,320.7
3198,319.7,319.7,319.7
3199,319.7,318.7,320.7
3200,374.2,350.7,397.7
3201,350.2,379.7,320.7
3202,360.2,359.7,360.7
3203,325.7,320.7,330.7
3204,355.7,340.7,370.7
3205,354.7,358.7,350.7
3206,339.7,359.7,319.7
3207,320.7,320.7,320.7
3208,344.2,358.7,329.7
3209,329.7,339.7,319.7
3210,346.2,361.7,330.7
3211,325.2,329.7,320.7
3212,346.2,361.7,330.7
3213,364.7,370.7,358.7
3214,320.2,319.7,320.7
3215,370.7,367.7,373.7
3216,319.2,318.7,319.7
3217,346.2,371.7,320.7
3218,357.7,384.7,330.7
3219,332.2,330.7,333.7
3220,339.2,357.7,320.7
3221,333.7,335.7,331.7
3222,340.2,360.7,319.7
3223,325.2,330.7,319.7
3224,345.7,320.7,370.7
3225,374.2,359.7,388.7
3226,335.2,349.7,320.7
3227,340.2,359.7,320.7
3228,360.7,360.7,360.7
3229,330.7,320.7,340.7
3230,337.7,355.7,319.7
3231,334.2,347.7,320.7
3232,350.7,359.7,341.7
3233,339.7,318.7,360.7
3234,377.2,365.7,388.7
3235,339.2,358.7,319.7
3236,344.7,368.7,320.7
3237,364.7,379.7,349.7
3238,355.2,379.7,330.7
3239,358.7,338.7,378.7
3240,347.7,365.7,329.7
3241,345.2,359.7,330.7
3242,350.7,340.7,360.7
3243,347.7,359.7,335.7
3244,339.7,358.7,320.7
3245,346.7,361.7,331.7
3246,355.2,379.7,330.7
3247,343.7,357.7,329.7
3248,320.2,320.7,319.7
3249,346.2,360.7,331.7
3250,345.7,320.7,370.7
3251,345.2,369.7,320.7
3252,345.2,369.7,320.7
3253,352.7,346.7,358.7
3254,364.7,359.7,369.7
3255,340.7,320.7,360.7
3256,349.2,379.7,318.7
3257,360.7,370.7,350.7
3258,345.2,369.7,320.7
3259,339.2,358.7,319.7
3260,354.7,368.7,340.7
3261,340.2,320.7,359.7
3262,360.2,360.7,359.7
3263,349.7,359.7,339.7
3264,345.2,359.7,330.7
3265,360.2,401.7,318.7
3266,346.2,372.7,319.7
3267,370.2,350.7,389.7
3268,345.2,359.7,330.7
3269,343.7,320.7,366.7
3270,325.7,330.7,320.7
3271,345.2,368.7,321.7
3272,339.7,359.7,319.7
3273,364.2,375.7,352.7
3274,320.2,320.7,319.7
3275,353.7,338.7,368.7
3276,340.7,320.7,360.7
3277,359.2,359.7,358.7
3278,356.7,354.7,358.7
3279,345.7,350.7,340.7
3280,338.7,358.7,318.7
3281,366.7,374.7,358.7
3282,325.7,320.7,330.7
3283,341.2,361.7,320.7
3284,370.7,381.7,359.7
3285,341.2,362.7,319.7
3286,325.2,329.7,320.7
3287,319.7,319.7,319.7
3288,335.2,349.7,320.7
3289,374.2,369.7,378.7
3290,346.7,321.7,371.7
3291,335.2,349.7,320.7
3292,337.2,340.7,333.7
3293,350.2,330.7,369.7
3294,354.7,378.7,330.7
3295,320.2,319.7,320.7
3296,325.2,329.7,320.7
3297,324.7,329.7,319.7
3298,340.2,359.7,320.7
3299,344.7,359.7,329.7
3300,328.2,320.7,335.7
3301,407.7,456.7,358.7
3302,354.7,368.7,340.7
3303,344.7,359.7,329.7
3304,345.2,319.7,370.7
3305,339.2,358.7,319.7
3306,340.7,360.7,320.7
3307,345.2,359.7,330.7
3308,374.2,369.7,378.7
3309,378.7,377.7,379.7
3310,350.2,379.7,320.7
3311,325.2,318.7,331.7
3312,339.7,358.7,320.7
3313,324.7,329.7,319.7
3314,365.2,399.7,330.7
3315,360.7,360.7,360.7
3316,345.2,369.7,320.7
3317,358.2,396.7,319.7
3318,344.7,359.7,329.7
3319,325.2,319.7,330.7
3320,338.7,358.7,318.7
3321,336.7,350.7,322.7
3322,374.2,378.7,369.7
3323,359.2,359.7,358.7
3324,319.7,319.7,319.7
3325,346.2,360.7,331.7
3326,325.2,318.7,331.7
3327,340.2,359.7,320.7
3328,341.7,361.7,321.7
3329,335.7,340.7,330.7
3330,344.7,329.7,359.7
3331,366.7,399.7,333.7
3332,325.7,330.7,320.7
3333,320.2,319.7,320.7
3334,336.2,351.7,320.7
3335,330.2,320.7,339.7
3336,346.7,360.7,332.7
3337,341.7,321.7,361.7
3338,319.7,319.7,319.7
3339,324.2,319.7,328.7
3340,340.2,360.7,319.7
3341,339.2,357.7,320.7
3342,335.7,330.7,340.7
3343,375.7,361.7,389.7
3344,345.7,360.7,330.7
3345,324.7,329.7,319.7
3346,320.7,319.7,321.7
3347,348.7,370.7,326.7
3348,362.2,320.7,403.7
3349,355.2,388.7,321.7
3350,340.7,359.7,321.7
3351,305.7,280.7,330.7
3352,358.7,396.7,320.7
3353,330.7,340.7,320.7
3354,342.7,359.7,325.7
3355,347.7,375.7,319.7
3356,321.2,320.7,321.7
3357,340.2,320.7,359.7
3358,330.2,330.7,329.7
3359,346.7,320.7,372.7
3360,351.7,369.7,333.7
3361,325.7,320.7,330.7
3362,348.7,358.7,338.7
3363,349.7,319.7,379.7
3364,339.2,339.7,338.7
3365,337.2,329.7,344.7
3366,364.2,358.7,369.7
3367,379.2,388.7,369.7
3368,346.2,361.7,330.7
3369,320.7,320.7,320.7
3370,341.2,321.7,360.7
3371,344.2,357.7,330.7
3372,339.2,357.7,320.7
3373,324.7,328.7,320.7
3374,349.7,358.7,340.7
3375,344.2,328.7,359.7
3376,349.7,379.7,319.7
3377,365.2,380.7,349.7
3378,303.2,318.7,287.7
3379,334.2,348.7,319.7
3380,350.2,360.7,339.7
3381,332.2,328.7,335.7
3382,325.7,320.7,330.7
3383,338.7,357.7,319.7
3384,320.2,319.7,320.7
3385,330.7,321.7,339.7
3386,340.2,361.7,318.7
3387,340.2,359.7,320.7
3388,334.2,320.7,347.7
3389,349.7,339.7,359.7
3390,325.2,330.7,319.7
3391,359.7,379.7,339.7
3392,344.7,368.7,320.7
3393,330.2,319.7,340.7
3394,364.2,360.7,367.7
3395,356.7,393.7,319.7
3396,319.7,319.7,319.7
3397,341.7,360.7,322.7
3398,341.2,320.7,361.7
3399,359.7,360.7,358.7
3400,339.7,359.7,319.7
3401,325.2,320.7,329.7
3402,319.7,319.7,319.7
3403,359.7,360.7,358.7
3404,359.7,358.7,360.7
3405,359.2,370.7,347.7
3406,340.7,359.7,321.7
3407,320.2,319.7,320.7
3408,372.2,379.7,364.7
3409,340.7,360.7,320.7
3410,329.7,339.7,319.7
3411,362.2,369.7,354.7
3412,325.2,319.7,330.7
3413,325.2,329.7,320.7
3414,348.7,358.7,338.7
3415,379.2,388.7,369.7
3416,330.7,340.7,320.7
3417,352.2,363.7,340.7
3418,354.2,368.7,339.7
3419,345.2,360.7,329.7
3420,345.7,320.7,370.7
3421,365.7,370.7,360.7
3422,330.2,320.7,339.7
3423,325.7,330.7,320.7
3424,386.2,410.7,361.7
3425,329.7,328.7,330.7
3426,329.2,329.7,328.7
3427,340.2,359.7,320.7
3428,329.7,320.7,338.7
3429,359.7,359.7,359.7
3430,341.2,361.7,320.7
3431,344.2,319.7,368.7
3432,324.7,319.7,329.7
3433,343.2,365.7,320.7
3434,334.2,337.7,330.7
3435,340.7,360.7,320.7
3436,342.7,320.7,364.7
3437,364.7,368.7,360.7
3438,340.2,359.7,320.7
3439,369.7,380.7,358.7
3440,328.7,338.7,318.7
3441,358.2,395.7,320.7
3442,320.2,320.7,319.7
3443,345.2,338.7,351.7
3444,344.2,319.7,368.7
3445,364.2,369.7,358.7
3446,331.2,341.7,320.7
3447,339.2,358.7,319.7
3448,339.2,338.7,339.7
3449,330.2,339.7,320.7
3450,320.7,320.7,320.7
3451,319.7,319.7,319.7
3452,369.2,359.7,378.7
3453,320.7,320.7,320.7
3454,326.2,321.7,330.7
3455,320.2,319.7,320.7
3456,345.7,331.7,359.7
3457,375.7,371.7,379.7
3458,360.2,359.7,360.7
3459,340.7,321.7,359.7
3460,349.2,377.7,320.7
3461,332.7,345.7,319.7
3462,320.2,319.7,320.7
3463,342.7,320.7,364.7
3464,341.2,360.7,321.7
3465,335.2,319.7,350.7
3466,328.2,320.7,335.7
3467,330.7,320.7,340.7
3468,359.7,359.7,359.7
3469,339.7,359.7,319.7
3470,341.2,361.7,320.7
3471,340.2,359.7,320.7
3472,349.7,361.7,337.7
3473,344.7,359.7,329.7
3474,330.2,339.7,320.7
3475,374.7,379.7,369.7
3476,327.2,318.7,335.7
3477,320.2,321.7,318.7
3478,339.2,358.7,319.7
3479,353.2,319.7,386.7
3480,320.7,320.7,320.7
3481,352.2,367.7,336.7
3482,320.2,319.7,320.7
3483,324.2,319.7,328.7
3484,331.7,341.7,321.7
3485,330.2,319.7,340.7
3486,339.2,359.7,318.7
3487,340.2,359.7,320.7
3488,360.2,360.7,359.7
3489,345.2,359.7,330.7
3490,344.2,319.7,368.7
3491,335.2,330.7,339.7
3492,368.7,357.7,379.7
3493,340.2,319.7,360.7
3494,344.7,359.7,329.7
3495,324.7,319.7,329.7
3496,337.2,319.7,354.7
3497,322.2,323.7,320.7
3498,344.7,368.7,320.7
3499,340.2,359.7,320.7
3500,320.7,321.7,319.7
3501,342.7,358.7,326.7
3502,334.7,319.7,349.7
3503,344.2,368.7,319.7
3504,340.2,360.7,319.7
3505,339.2,320.7,357.7
3506,335.7,330.7,340.7
3507,365.7,400.7,330.7
3508,361.7,403.7,319.7
3509,347.7,369.7,325.7
3510,354.7,360.7,348.7
3511,338.7,320.7,356.7
3512,353.2,384.7,321.7
3513,360.7,371.7,349.7
3514,330.7,340.7,320.7
3515,320.2,319.7,320.7
3516,369.7,388.7,350.7
3517,330.2,320.7,339.7
3518,340.7,320.7,360.7
3519,360.2,359.7,360.7
3520,355.2,380.7,329.7
3521,365.2,360.7,369.7
3522,321.2,321.7,320.7
3523,319.7,319.7,319.7
3524,349.7,379.7,319.7
3525,340.2,318.7,361.7
3526,341.2,360.7,321.7
3527,386.7,375.7,397.7
3528,344.2,369.7,318.7
3529,348.7,378.7,318.7
3530,325.2,329.7,320.7
3531,325.7,330.7,320.7
3532,320.2,320.7,319.7
3533,348.2,319.7,376.7
3534,350.7,341.7,359.7
3535,339.7,359.7,319.7
3536,325.2,359.7,290.7
3537,344.2,318.7,369.7
3538,355.2,349.7,360.7
3539,354.2,388.7,319.7
3540,320.7,320.7,320.7
3541,340.7,359.7,321.7
3542,339.2,359.7,318.7
3543,345.7,370.7,320.7
3544,350.7,372.7,328.7
3545,349.7,378.7,320.7
3546,349.2,318.7,379.7
3547,329.7,340.7,318.7
3548,361.2,352.7,369.7
3549,346.7,357.7,335.7
3550,357.7,378.7,336.7
3551,350.7,380.7,320.7
3552,325.2,330.7,319.7
3553,359.7,368.7,350.7
3554,319.2,319.7,318.7
3555,322.7,318.7,326.7
3556,325.7,329.7,321.7
3557,324.7,328.7,320.7
3558,336.2,340.7,331.7
3559,344.7,359.7,329.7
3560,341.2,360.7,321.7
3561,358.2,350.7,365.7
3562,334.7,338.7,330.7
3563,333.2,330.7,335.7
3564,338.7,357.7,319.7
3565,340.7,321.7,359.7
3566,350.7,369.7,331.7
3567,328.7,319.7,337.7
3568,324.2,329.7,318.7
3569,358.7,358.7,358.7
3570,363.7,368.7,358.7
3571,320.2,319.7,320.7
3572,362.2,403.7,320.7
3573,354.7,388.7,320.7
3574,360.2,359.7,360.7
3575,338.2,345.7,330.7
3576,346.2,361.7,330.7
3577,320.2,320.7,319.7
3578,331.2,342.7,319.7
3579,324.7,319.7,329.7
3580,330.2,330.7,329.7
3581,320.2,320.7,319.7
3582,337.2,353.7,320.7
3583,331.2,341.7,320.7
3584,324.7,328.7,320.7
3585,326.2,330.7,321.7
3586,361.7,389.7,333.7
3587,336.2,320.7,351.7
3588,320.7,320.7,320.7
3589,324.7,319.7,329.7
3590,339.7,359.7,319.7
3591,325.2,320.7,329.7
3592,361.2,368.7,353.7
3593,341.2,361.7,320.7
3594,320.7,321.7,319.7
3595,364.2,368.7,359.7
3596,360.7,360.7,360.7
3597,340.2,359.7,320.7
3598,342.7,365.7,319.7
3599,319.2,319.7,318.7
3600,325.7,321.7,329.7
3601,300.7,281.7,319.7
3602,361.7,359.7,363.7
3603,319.7,319.7,319.7
3604,325.2,319.7,330.7
3605,371.7,363.7,379.7
3606,319.7,319.7,319.7
3607,335.7,320.7,350.7
3608,319.7,318.7,320.7
3609,345.7,369.7,321.7
3610,351.2,319.7,382.7
3611,325.7,330.7,320.7
3612,364.7,368.7,360.7
3613,346.7,371.7,321.7
3614,340.7,359.7,321.7
3615,325.2,329.7,320.7
3616,344.7,358.7,330.7
3617,358.2,365.7,350.7
3618,330.7,331.7,329.7
3619,323.2,320.7,325.7
3620,349.2,378.7,319.7
3621,338.7,318.7,358.7
3622,320.7,320.7,320.7
3623,342.7,359.7,325.7
3624,341.7,361.7,321.7
3625,340.2,320.7,359.7
3626,320.2,320.7,319.7
3627,352.7,346.7,358.7
3628,319.7,319.7,319.7
3629,342.2,339.7,344.7
3630,350.7,380.7,320.7
3631,334.7,349.7,319.7
3632,345.2,359.7,330.7
3633,344.2,329.7,358.7
3634,329.7,319.7,339.7
3635,319.7,319.7,319.7
3636,337.7,357.7,317.7
3637,345.2,360.7,329.7
3638,391.7,400.7,382.7
3639,359.7,359.7,359.7
3640,345.2,369.7,320.7
3641,339.7,358.7,320.7
3642,350.2,359.7,340.7
3643,327.2,319.7,334.7
3644,344.2,368.7,319.7
3645,338.7,358.7,318.7
3646,319.7,319.7,319.7
3647,335.2,329.7,340.7
3648,346.2,370.7,321.7
3649,347.2,359.7,334.7
3650,349.7,360.7,338.7
3651,325.7,329.7,321.7
3652,360.2,360.7,359.7
3653,374.7,359.7,389.7
3654,320.7,320.7,320.7
3655,369.7,379.7,359.7
3656,369.2,330.7,407.7
3657,344.7,369.7,319.7
3658,354.7,369.7,339.7
3659,358.7,388.7,328.7
3660,344.7,359.7,329.7
3661,344.7,329.7,359.7
3662,341.2,361.7,320.7
3663,345.2,370.7,319.7
3664,337.2,333.7,340.7
3665,320.2,319.7,320.7
3666,341.2,320.7,361.7
3667,350.2,369.7,330.7
3668,349.2,377.7,320.7
3669,345.7,360.7,330.7
3670,371.2,389.7,352.7
3671,344.7,320.7,368.7
3672,347.2,359.7,334.7
3673,349.7,378.7,320.7
3674,324.7,319.7,329.7
3675,345.7,371.7,319.7
3676,357.7,338.7,376.7
3677,350.7,360.7,340.7
3678,347.7,330.7,364.7
3679,359.7,359.7,359.7
3680,321.2,321.7,320.7
3681,325.7,330.7,320.7
3682,350.7,321.7,379.7
3683,361.7,358.7,364.7
3684,343.7,329.7,357.7
3685,361.7,364.7,358.7
3686,320.2,318.7,321.7
3687,374.7,379.7,369.7
3688,340.7,321.7,359.7
3689,329.2,319.7,338.7
3690,331.7,343.7,319.7
3691,345.2,350.7,339.7
3692,359.2,359.7,358.7
3693,330.2,320.7,339.7
3694,348.7,330.7,366.7
3695,339.2,358.7,319.7
3696,350.2,369.7,330.7
3697,351.7,359.7,343.7
3698,329.2,328.7,329.7
3699,360.2,358.7,361.7
3700,347.7,340.7,354.7
3701,355.7,370.7,340.7
3702,320.2,319.7,320.7
3703,325.2,319.7,330.7
3704,357.2,358.7,355.7
3705,341.2,361.7,320.7
3706,345.2,369.7,320.7
3707,355.7,361.7,349.7
3708,341.7,361.7,321.7
3709,342.2,319.7,364.7
3710,324.7,319.7,329.7
3711,349.7,379.7,319.7
3712,320.7,320.7,320.7
3713,335.2,339.7,330.7
3714,350.2,340.7,359.7
3715,364.7,343.7,385.7
3716,345.2,361.7,328.7
3717,380.7,360.7,400.7
3718,340.2,360.7,319.7
3719,330.7,320.7,340.7
3720,354.7,390.7,318.7
3721,328.7,331.7,325.7
3722,321.2,321.7,320.7
3723,341.2,320.7,361.7
3724,331.2,321.7,340.7
3725,351.7,359.7,343.7
3726,319.7,319.7,319.7
3727,324.2,318.7,329.7
3728,354.7,387.7,321.7
3729,324.2,319.7,328.7
3730,364.2,368.7,359.7
3731,324.2,319.7,328.7
3732,369.7,369.7,369.7
3733,364.2,349.7,378.7
3734,350.2,359.7,340.7
3735,351.2,340.7,361.7
3736,320.7,320.7,320.7
3737,335.7,330.7,340.7
3738,345.2,320.7,369.7
3739,326.2,320.7,331.7
3740,354.7,359.7,349.7
3741,340.2,359.7,320.7
3742,336.2,350.7,321.7
3743,358.2,360.7,355.7
3744,345.7,360.7,330.7
3745,330.2,330.7,329.7
3746,325.2,319.7,330.7
3747,364.7,369.7,359.7
3748,349.2,329.7,368.7
3749,340.2,360.7,319.7
3750,357.7,372.7,342.7
3751,340.7,359.7,321.7
3752,320.7,320.7,320.7
3753,345.2,359.7,330.7
3754,339.7,358.7,320.7
3755,324.7,319.7,329.7
3756,360.7,400.7,320.7
3757,320.2,318.7,321.7
3758,325.2,320.7,329.7
3759,321.2,320.7,321.7
3760,345.7,360.7,330.7
3761,354.7,388.7,320.7
3762,340.7,361.7,319.7
3763,340.2,359.7,320.7
3764,320.7,320.7,320.7
3765,395.7,420.7,370.7
3766,345.7,360.7,330.7
3767,360.2,360.7,359.7
3768,325.7,320.7,330.7
3769,338.7,358.7,318.7
3770,345.2,370.7,319.7
3771,330.2,340.7,319.7
3772,334.7,339.7,329.7
3773,364.2,388.7,339.7
3774,340.2,360.7,319.7
3775,345.2,370.7,319.7
3776,344.7,358.7,330.7
3777,360.2,359.7,360.7
3778,318.2,321.7,314.7
3779,331.2,321.7,340.7
3780,341.2,321.7,360.7
3781,334.7,318.7,350.7
3782,330.7,339.7,321.7
3783,358.7,320.7,396.7
3784,339.7,358.7,320.7
3785,320.2,320.7,319.7
3786,345.7,320.7,370.7
3787,329.7,339.7,319.7
3788,325.2,320.7,329.7
3789,377.2,395.7,358.7
3790,345.7,331.7,359.7
3791,359.7,388.7,330.7
3792,335.2,319.7,350.7
3793,325.7,320.7,330.7
3794,339.2,357.7,320.7
3795,350.2,379.7,320.7
3796,331.2,320.7,341.7
3797,349.2,368.7,329.7
3798,340.2,320.7,359.7
3799,320.7,320.7,320.7
3800,329.7,339.7,319.7
3801,335.2,350.7,319.7
3802,326.2,330.7,321.7
3803,348.2,330.7,365.7
3804,374.2,379.7,368.7
3805,340.7,360.7,320.7
3806,326.7,321.7,331.7
3807,348.7,377.7,319.7
3808,320.7,320.7,320.7
3809,355.7,390.7,320.7
3810,344.7,369.7,319.7
3811,326.2,331.7,320.7
3812,347.2,319.7,374.7
3813,330.7,340.7,320.7
3814,325.7,330.7,320.7
3815,324.7,329.7,319.7
3816,340.7,321.7,359.7
3817,349.7,368.7,330.7
3818,339.2,359.7,318.7
3819,349.7,358.7,340.7
3820,320.7,321.7,319.7
3821,335.2,320.7,349.7
3822,352.7,320.7,384.7
3823,320.2,318.7,321.7
3824,330.2,320.7,339.7
3825,349.7,359.7,339.7
3826,331.2,341.7,320.7
3827,348.7,341.7,355.7
3828,340.2,359.7,320.7
3829,336.2,349.7,322.7
3830,349.2,358.7,339.7
3831,310.7,300.7,320.7
3832,330.2,318.7,341.7
3833,338.2,329.7,346.7
3834,340.7,319.7,361.7
3835,321.2,320.7,321.7
3836,345.7,331.7,359.7
3837,350.2,359.7,340.7
3838,325.2,320.7,329.7
3839,348.2,336.7,359.7
3840,339.2,358.7,319.7
3841,319.7,319.7,319.7
3842,340.2,318.7,361.7
3843,320.2,319.7,320.7
3844,339.7,319.7,359.7
3845,349.7,319.7,379.7
3846,345.2,359.7,330.7
3847,346.2,331.7,360.7
3848,340.7,359.7,321.7
3849,335.7,339.7,331.7
3850,353.7,331.7,375.7
3851,327.7,334.7,320.7
3852,335.7,341.7,329.7
3853,345.7,330.7,360.7
3854,345.7,320.7,370.7
3855,325.7,320.7,330.7
3856,342.7,360.7,324.7
3857,344.2,367.7,320.7
3858,344.2,368.7,319.7
3859,344.7,319.7,369.7
3860,324.2,319.7,328.7
3861,359.7,358.7,360.7
3862,336.7,320.7,352.7
3863,320.2,320.7,319.7
3864,391.2,423.7,358.7
3865,329.7,329.7,329.7
3866,340.7,360.7,320.7
3867,330.2,319.7,340.7
3868,350.2,359.7,340.7
3869,325.2,320.7,329.7
3870,351.7,382.7,320.7
3871,355.2,344.7,365.7
3872,319.7,318.7,320.7
3873,349.7,328.7,370.7
3874,359.7,360.7,358.7
3875,360.2,359.7,360.7
3876,319.7,318.7,320.7
3877,340.7,319.7,361.7
3878,330.7,320.7,340.7
3879,320.2,319.7,320.7
3880,340.2,320.7,359.7
3881,365.7,409.7,321.7
3882,324.7,319.7,329.7
3883,349.7,358.7,340.7
3884,344.7,369.7,319.7
3885,339.2,359.7,318.7
3886,353.2,366.7,339.7
3887,344.7,368.7,320.7
3888,325.2,330.7,319.7
3889,329.7,319.7,339.7
3890,339.7,358.7,320.7
3891,328.2,330.7,325.7
3892,340.2,360.7,319.7
3893,343.2,358.7,327.7
3894,349.7,330.7,368.7
3895,325.7,330.7,320.7
3896,350.2,330.7,369.7
3897,320.7,320.7,320.7
3898,360.2,359.7,360.7
3899,354.7,379.7,329.7
3900,357.2,354.7,359.7
3901,324.2,321.7,326.7
3902,365.2,330.7,399.7
3903,330.7,319.7,341.7
3904,320.2,319.7,320.7
3905,372.7,378.7,366.7
3906,354.2,367.7,340.7
3907,355.7,390.7,320.7
3908,320.7,321.7,319.7
3909,325.2,329.7,320.7
3910,331.7,321.7,341.7
3911,320.2,319.7,320.7
3912,333.7,333.7,333.7
3913,335.2,320.7,349.7
3914,341.2,360.7,321.7
3915,323.7,320.7,326.7
3916,345.2,329.7,360.7
3917,320.7,320.7,320.7
3918,329.7,339.7,319.7
3919,319.7,319.7,319.7
3920,340.2,358.7,321.7
3921,344.2,359.7,328.7
3922,346.7,318.7,374.7
3923,320.7,321.7,319.7
3924,320.2,319.7,320.7
3925,367.2,360.7,373.7
3926,337.7,355.7,319.7
3927,345.2,329.7,360.7
3928,341.2,360.7,321.7
3929,330.7,339.7,321.7
3930,325.2,319.7,330.7
3931,347.7,320.7,374.7
3932,368.7,385.7,351.7
3933,338.2,346.7,329.7
3934,339.7,359.7,319.7
3935,367.2,355.7,378.7
3936,340.7,359.7,321.7
3937,329.2,328.7,329.7
3938,329.2,339.7,318.7
3939,359.7,359.7,359.7
3940,320.7,320.7,320.7
3941,340.7,320.7,360.7
3942,335.7,350.7,320.7
3943,339.7,358.7,320.7
3944,331.7,327.7,335.7
3945,319.7,319.7,319.7
3946,340.2,359.7,320.7
3947,329.7,339.7,319.7
3948,340.7,360.7,320.7
3949,325.2,319.7,330.7
3950,320.7,320.7,320.7
3951,364.2,358.7,369.7
3952,360.2,360.7,359.7
3953,330.2,320.7,339.7
3954,327.2,318.7,335.7
3955,322.7,319.7,325.7
3956,330.7,340.7,320.7
3957,348.2,360.7,335.7
3958,356.2,391.7,320.7
3959,337.7,355.7,319.7
3960,340.7,320.7,360.7
3961,331.2,342.7,319.7
3962,320.7,320.7,320.7
3963,349.7,359.7,339.7
3964,339.7,360.7,318.7
3965,347.7,364.7,330.7
3966,344.7,369.7,319.7
3967,324.7,329.7,319.7
3968,319.7,319.7,319.7
3969,354.7,388.7,320.7
3970,335.7,342.7,328.7
3971,342.2,324.7,359.7
3972,348.7,369.7,327.7
3973,320.7,321.7,319.7
3974,344.7,359.7,329.7
3975,320.2,320.7,319.7
3976,346.7,359.7,333.7
3977,340.2,359.7,320.7
3978,339.7,320.7,358.7
3979,353.7,328.7,378.7
3980,320.2,320.7,319.7
3981,320.2,319.7,320.7
3982,324.7,329.7,319.7
3983,376.2,359.7,392.7
3984,346.2,330.7,361.7
3985,339.7,359.7,319.7
3986,344.2,328.7,359.7
3987,339.7,320.7,358.7
3988,340.2,360.7,319.7
3989,330.2,339.7,320.7
3990,324.7,318.7,330.7
3991,326.7,321.7,331.7
3992,345.7,329.7,361.7
3993,340.7,361.7,319.7
3994,349.7,379.7,319.7
3995,325.7,330.7,320.7
3996,339.7,318.7,360.7
3997,343.2,329.7,356.7
3998,355.7,390.7,320.7
3999,361.2,401.7,320.7
4000,339.7,358.7,320.7
4001,340.7,360.7,320.7
4002,319.7,319.7,319.7
4003,360.7,361.7,359.7
4004,320.2,320.7,319.7
4005,325.2,330.7,319.7
4006,327.7,329.7,325.7
4007,325.7,320.7,330.7
4008,340.2,359.7,320.7
4009,320.2,320.7,319.7
4010,348.2,370.7,325.7
4011,349.2,378.7,319.7
4012,339.7,359.7,319.7
4013,349.7,320.7,378.7
4014,320.7,320.7,320.7
4015,336.2,350.7,321.7
4016,342.2,319.7,364.7
4017,351.7,329.7,373.7
4018,320.2,319.7,320.7
4019,325.2,320.7,329.7
4020,339.7,359.7,319.7
4021,341.2,361.7,320.7
4022,325.7,330.7,320.7
4023,325.7,321.7,329.7
4024,335.2,339.7,330.7
4025,320.7,319.7,321.7
4026,349.7,379.7,319.7
4027,340.2,358.7,321.7
4028,320.2,319.7,320.7
4029,324.7,319.7,329.7
4030,320.2,319.7,320.7
4031,345.7,320.7,370.7
4032,320.2,319.7,320.7
4033,329.7,339.7,319.7
4034,349.7,379.7,319.7
4035,332.7,345.7,319.7
4036,345.7,361.7,329.7
4037,320.7,320.7,320.7
4038,359.2,350.7,367.7
4039,306.7,320.7,292.7
4040,319.7,319.7,319.7
4041,350.7,360.7,340.7
4042,365.2,358.7,371.7
4043,319.2,319.7,318.7
4044,325.7,320.7,330.7
4045,349.7,358.7,340.7
4046,339.7,359.7,319.7
4047,340.7,360.7,320.7
4048,345.7,360.7,330.7
4049,340.2,359.7,320.7
4050,325.7,329.7,321.7
4051,364.2,369.7,358.7
4052,344.2,358.7,329.7
4053,334.7,320.7,348.7
4054,339.7,359.7,319.7
4055,339.7,320.7,358.7
4056,357.2,350.7,363.7
4057,344.7,358.7,330.7
4058,339.7,319.7,359.7
4059,337.7,344.7,330.7
4060,334.2,327.7,340.7
4061,348.7,319.7,377.7
4062,325.2,321.7,328.7
4063,350.2,360.7,339.7
4064,339.7,359.7,319.7
4065,344.7,369.7,319.7
4066,334.7,319.7,349.7
4067,321.2,321.7,320.7
4068,350.2,369.7,330.7
4069,356.7,392.7,320.7
4070,328.2,326.7,329.7
4071,342.7,325.7,359.7
4072,320.7,320.7,320.7
4073,376.7,348.7,404.7
4074,333.7,347.7,319.7
4075,340.7,360.7,320.7
4076,344.7,330.7,358.7
4077,360.7,359.7,361.7
4078,345.2,359.7,330.7
4079,330.2,329.7,330.7
4080,321.2,321.7,320.7
4081,324.7,328.7,320.7
4082,360.7,360.7,360.7
4083,330.7,321.7,339.7
4084,324.7,319.7,329.7
4085,320.2,319.7,320.7
4086,320.7,319.7,321.7
4087,320.2,319.7,320.7
4088,345.7,369.7,321.7
4089,325.7,330.7,320.7
4090,321.2,321.7,320.7
4091,344.7,368.7,320.7
4092,339.7,320.7,358.7
4093,340.2,359.7,320.7
4094,339.7,318.7,360.7
4095,349.7,359.7,339.7
4096,325.2,330.7,319.7
4097,324.7,329.7,319.7
4098,321.7,321.7,321.7
4099,332.7,339.7,325.7
4100,354.7,369.7,339.7
4101,357.7,355.7,359.7
4102,376.7,412.7,340.7
4103,356.2,392.7,319.7
4104,320.2,320.7,319.7
4105,346.2,361.7,330.7
4106,364.2,358.7,369.7
4107,340.2,320.7,359.7
4108,345.2,369.7,320.7
4109,325.2,330.7,319.7
4110,353.7,387.7,319.7
4111,320.2,320.7,319.7
4112,358.2,386.7,329.7
4113,320.2,319.7,320.7
4114,319.2,318.7,319.7
4115,320.2,319.7,320.7
4116,324.7,329.7,319.7
4117,319.7,319.7,319.7
4118,340.2,359.7,320.7
4119,346.2,370.7,321.7
4120,339.7,349.7,329.7
4121,325.2,319.7,330.7
4122,349.2,368.7,329.7
4123,339.7,359.7,319.7
4124,320.7,319.7,321.7
4125,325.2,330.7,319.7
4126,345.7,360.7,330.7
4127,323.7,318.7,328.7
4128,369.7,359.7,379.7
4129,330.2,320.7,339.7
4130,342.7,359.7,325.7
4131,346.2,330.7,361.7
4132,325.2,320.7,329.7
4133,330.2,319.7,340.7
4134,340.2,321.7,358.7
4135,358.7,361.7,355.7
4136,365.2,359.7,370.7
4137,353.7,378.7,328.7
4138,339.7,358.7,320.7
4139,319.7,319.7,319.7
4140,370.2,379.7,360.7
4141,319.7,318.7,320.7
4142,376.7,387.7,365.7
4143,330.2,340.7,319.7
4144,364.7,329.7,399.7
4145,339.7,359.7,319.7
4146,347.2,353.7,340.7
4147,356.2,340.7,371.7
4148,319.7,319.7,319.7
4149,340.7,321.7,359.7
4150,324.2,328.7,319.7
4151,340.2,349.7,330.7
4152,325.2,329.7,320.7
4153,319.2,319.7,318.7
4154,328.2,331.7,324.7
4155,346.2,320.7,371.7
4156,325.7,330.7,320.7
4157,320.2,320.7,319.7
4158,341.7,362.7,320.7
4159,339.7,320.7,358.7
4160,340.2,319.7,360.7
4161,328.7,329.7,327.7
4162,343.7,337.7,349.7
4163,360.7,389.7,331.7
4164,319.7,319.7,319.7
4165,326.7,334.7,318.7
4166,320.2,320.7,319.7
4167,332.7,344.7,320.7
4168,325.2,320.7,329.7
4169,364.7,379.7,349.7
4170,335.7,330.7,340.7
4171,360.7,360.7,360.7
4172,344.7,330.7,358.7
4173,340.2,358.7,321.7
4174,340.2,319.7,360.7
4175,331.2,330.7,331.7
4176,320.2,321.7,318.7
4177,319.7,319.7,319.7
4178,340.2,359.7,320.7
4179,360.2,379.7,340.7
4180,349.2,378.7,319.7
4181,321.2,319.7,322.7
4182,324.7,329.7,319.7
4183,365.2,360.7,369.7
4184,368.7,359.7,377.7
4185,358.7,359.7,357.7
4186,340.2,319.7,360.7
4187,309.2,319.7,298.7
4188,320.7,320.7,320.7
4189,320.7,319.7,321.7
4190,346.2,372.7,319.7
4191,345.2,320.7,369.7
4192,339.2,358.7,319.7
4193,340.7,330.7,350.7
4194,348.7,367.7,329.7
4195,354.2,328.7,379.7
4196,330.2,330.7,329.7
4197,332.2,333.7,330.7
4198,348.2,376.7,319.7
4199,375.2,379.7,370.7
4200,320.2,319.7,320.7
4201,320.2,319.7,320.7
4202,328.2,319.7,336.7
4203,355.2,389.7,320.7
4204,366.2,369.7,362.7
4205,330.2,340.7,319.7
4206,340.7,360.7,320.7
4207,300.7,319.7,281.7
4208,320.2,319.7,320.7
4209,326.2,331.7,320.7
4210,339.7,360.7,318.7
4211,331.7,343.7,319.7
4212,320.2,320.7,319.7
4213,320.7,320.7,320.7
4214,359.2,359.7,358.7
4215,335.2,320.7,349.7
4216,342.2,319.7,364.7
4217,338.7,318.7,358.7
4218,319.7,319.7,319.7
4219,325.7,320.7,330.7
4220,344.7,369.7,319.7
4221,320.2,320.7,319.7
4222,325.7,321.7,329.7
4223,345.7,321.7,369.7
4224,349.7,378.7,320.7
4225,320.2,318.7,321.7
4226,340.7,360.7,320.7
4227,339.2,349.7,328.7
4228,340.2,359.7,320.7
4229,330.2,320.7,339.7
4230,354.2,318.7,389.7
4231,349.2,369.7,328.7
4232,320.2,320.7,319.7
4233,351.2,361.7,340.7
4234,344.2,369.7,318.7
4235,360.2,359.7,360.7
4236,319.2,318.7,319.7
4237,324.7,319.7,329.7
4238,361.7,361.7,361.7
4239,339.7,330.7,348.7
4240,336.2,329.7,342.7
4241,325.2,319.7,330.7
4242,349.2,318.7,379.7
4243,325.7,330.7,320.7
4244,354.7,330.7,378.7
4245,340.2,360.7,319.7
4246,349.7,338.7,360.7
4247,329.7,329.7,329.7
4248,330.2,320.7,339.7
4249,320.7,321.7,319.7
4250,345.2,369.7,320.7
4251,345.2,370.7,319.7
4252,329.7,329.7,329.7
4253,320.7,320.7,320.7
4254,340.7,361.7,319.7
4255,340.2,359.7,320.7
4256,319.7,319.7,319.7
4257,328.7,326.7,330.7
4258,355.7,360.7,350.7
4259,339.2,358.7,319.7
4260,320.2,320.7,319.7
4261,355.2,349.7,360.7
4262,326.7,320.7,332.7
4263,320.2,319.7,320.7
4264,324.7,319.7,329.7
4265,339.7,358.7,320.7
4266,335.2,330.7,339.7
4267,350.7,360.7,340.7
4268,324.7,329.7,319.7
4269,339.7,358.7,320.7
4270,340.7,359.7,321.7
4271,344.2,321.7,366.7
4272,320.7,320.7,320.7
4273,330.2,340.7,319.7
4274,365.2,359.7,370.7
4275,326.2,320.7,331.7
4276,343.7,355.7,331.7
4277,318.7,318.7,318.7
4278,319.7,319.7,319.7
4279,343.7,361.7,325.7
4280,355.2,348.7,361.7
4281,388.7,388.7,388.7
4282,320.7,319.7,321.7
4283,334.7,338.7,330.7
4284,308.7,296.7,320.7
4285,325.7,330.7,320.7
4286,325.7,320.7,330.7
4287,320.2,319.7,320.7
4288,340.2,320.7,359.7
4289,344.7,319.7,369.7
4290,324.7,329.7,319.7
4291,349.7,339.7,359.7
4292,325.2,330.7,319.7
4293,335.2,319.7,350.7
4294,340.2,359.7,320.7
4295,349.2,357.7,340.7
4296,340.2,359.7,320.7
4297,364.2,368.7,359.7
4298,324.2,328.7,319.7
4299,325.7,329.7,321.7
4300,345.2,370.7,319.7
4301,341.2,361.7,320.7
4302,339.7,330.7,348.7
4303,340.2,359.7,320.7
4304,325.7,320.7,330.7
4305,325.2,329.7,320.7
4306,349.7,337.7,361.7
4307,325.2,320.7,329.7
4308,364.7,359.7,369.7
4309,349.7,350.7,348.7
4310,354.7,388.7,320.7
4311,325.2,368.7,281.7
4312,365.2,360.7,369.7
4313,345.7,370.7,320.7
4314,340.2,359.7,320.7
4315,335.7,330.7,340.7
4316,345.7,360.7,330.7
4317,319.7,320.7,318.7
4318,324.2,319.7,328.7
4319,344.7,369.7,319.7
4320,340.2,320.7,359.7
4321,320.7,320.7,320.7
4322,322.2,319.7,324.7
4323,344.7,358.7,330.7
4324,327.7,320.7,334.7
4325,351.2,382.7,319.7
4326,344.7,367.7,321.7
4327,339.7,358.7,320.7
4328,320.2,319.7,320.7
4329,328.7,321.7,335.7
4330,328.7,336.7,320.7
4331,330.2,329.7,330.7
4332,324.7,318.7,330.7
4333,375.2,340.7,409.7
4334,353.2,340.7,365.7
4335,330.2,330.7,329.7
4336,325.2,330.7,319.7
4337,325.7,320.7,330.7
4338,320.7,321.7,319.7
4339,359.7,359.7,359.7
4340,325.2,330.7,319.7
4341,340.7,360.7,320.7
4342,320.7,319.7,321.7
4343,326.7,320.7,332.7
4344,350.7,351.7,349.7
4345,320.7,319.7,321.7
4346,370.7,378.7,362.7
4347,325.7,320.7,330.7
4348,345.2,359.7,330.7
4349,331.2,320.7,341.7
4350,355.2,361.7,348.7
4351,334.2,330.7,337.7
4352,344.7,369.7,319.7
4353,349.7,368.7,330.7
4354,325.7,330.7,320.7
4355,345.2,360.7,329.7
4356,339.7,358.7,320.7
4357,343.2,356.7,329.7
4358,347.7,319.7,375.7
4359,325.2,329.7,320.7
4360,325.2,329.7,320.7
4361,330.7,320.7,340.7
4362,319.7,319.7,319.7
4363,324.7,329.7,319.7
4364,342.7,355.7,329.7
4365,351.2,361.7,340.7
4366,336.7,351.7,321.7
4367,345.2,319.7,370.7
4368,334.7,319.7,349.7
4369,335.2,350.7,319.7
4370,341.2,361.7,320.7
4371,355.7,380.7,330.7
4372,320.7,319.7,321.7
4373,330.2,320.7,339.7
4374,319.7,319.7,319.7
4375,325.2,320.7,329.7
4376,342.7,365.7,319.7
4377,334.7,330.7,338.7
4378,349.7,377.7,321.7
4379,325.7,330.7,320.7
4380,328.2,329.7,326.7
4381,368.7,395.7,341.7
4382,330.7,340.7,320.7
4383,325.2,329.7,320.7
4384,335.2,350.7,319.7
4385,325.7,330.7,320.7
4386,325.7,330.7,320.7
4387,320.2,320.7,319.7
4388,342.2,358.7,325.7
4389,360.7,360.7,360.7
4390,358.2,397.7,318.7
4391,340.2,359.7,320.7
4392,339.2,358.7,319.7
4393,345.2,359.7,330.7
4394,340.2,359.7,320.7
4395,346.7,333.7,359.7
4396,325.2,329.7,320.7
4397,349.7,378.7,320.7
4398,357.7,356.7,358.7
4399,319.7,319.7,319.7
4400,325.7,330.7,320.7
4401,342.7,359.7,325.7
4402,376.7,434.7,318.7
4403,320.7,320.7,320.7
4404,321.7,321.7,321.7
4405,355.2,368.7,341.7
4406,360.2,359.7,360.7
4407,325.2,320.7,329.7
4408,334.2,329.7,338.7
4409,325.7,329.7,321.7
4410,330.7,330.7,330.7
4411,320.2,321.7,318.7
4412,327.2,319.7,334.7
4413,354.2,360.7,347.7
4414,324.2,329.7,318.7
4415,343.7,348.7,338.7
4416,321.2,321.7,320.7
4417,335.7,330.7,340.7
4418,319.7,319.7,319.7
4419,340.2,349.7,330.7
4420,330.2,330.7,329.7
4421,320.7,319.7,321.7
4422,364.2,368.7,359.7
4423,344.7,320.7,368.7
4424,347.7,359.7,335.7
4425,306.7,331.7,281.7
4426,330.2,320.7,339.7
4427,345.2,360.7,329.7
4428,373.2,359.7,386.7
4429,358.7,366.7,350.7
4430,345.7,320.7,370.7
4431,356.2,357.7,354.7
4432,320.7,319.7,321.7
4433,324.7,320.7,328.7
4434,336.7,352.7,320.7
4435,338.7,319.7,357.7
4436,345.7,319.7,371.7
4437,324.2,319.7,328.7
4438,342.2,349.7,334.7
4439,325.2,320.7,329.7
4440,355.7,330.7,380.7
4441,338.2,345.7,330.7
4442,344.7,329.7,359.7
4443,372.7,365.7,379.7
4444,320.2,320.7,319.7
4445,320.2,320.7,319.7
4446,349.2,358.7,339.7
4447,360.7,361.7,359.7
4448,324.7,319.7,329.7
4449,340.2,359.7,320.7
4450,339.2,318.7,359.7
4451,320.2,319.7,320.7
4452,349.2,319.7,378.7
4453,320.7,319.7,321.7
4454,321.2,320.7,321.7
4455,320.2,320.7,319.7
4456,319.2,319.7,318.7
4457,320.7,320.7,320.7
4458,349.7,360.7,338.7
4459,341.2,361.7,320.7
4460,340.7,359.7,321.7
4461,340.2,360.7,319.7
4462,365.7,390.7,340.7
4463,319.7,320.7,318.7
4464,325.7,330.7,320.7
4465,320.2,319.7,320.7
4466,348.2,331.7,364.7
4467,332.2,342.7,321.7
4468,300.7,280.7,320.7
4469,340.2,358.7,321.7
4470,332.7,319.7,345.7
4471,330.7,340.7,320.7
4472,320.7,320.7,320.7
4473,340.2,359.7,320.7
4474,365.2,370.7,359.7
4475,325.2,329.7,320.7
4476,325.7,330.7,320.7
4477,349.2,329.7,368.7
4478,335.7,340.7,330.7
4479,329.7,338.7,320.7
4480,324.7,320.7,328.7
4481,335.2,341.7,328.7
4482,324.7,329.7,319.7
4483,338.7,319.7,357.7
4484,339.2,357.7,320.7
4485,323.7,320.7,326.7
4486,320.2,320.7,319.7
4487,341.2,361.7,320.7
4488,325.2,329.7,320.7
4489,353.2,360.7,345.7
4490,329.2,330.7,327.7
4491,338.7,346.7,330.7
4492,325.2,320.7,329.7
4493,325.7,330.7,320.7
4494,330.2,319.7,340.7
4495,334.7,350.7,318.7
4496,380.7,360.7,400.7
4497,320.2,320.7,319.7
4498,331.2,340.7,321.7
4499,345.7,369.7,321.7
4500,325.2,330.7,319.7
4501,340.7,360.7,320.7
4502,320.2,319.7,320.7
4503,324.7,328.7,320.7
4504,339.7,359.7,319.7
4505,324.7,319.7,329.7
4506,320.2,319.7,320.7
4507,340.2,359.7,320.7
4508,339.7,319.7,359.7
4509,353.7,319.7,387.7
4510,340.7,321.7,359.7
4511,364.7,369.7,359.7
4512,341.2,330.7,351.7
4513,320.7,319.7,321.7
4514,338.7,347.7,329.7
4515,359.2,379.7,338.7
4516,340.2,359.7,320.7
4517,329.7,329.7,329.7
4518,340.2,359.7,320.7
4519,320.2,319.7,320.7
4520,342.7,320.7,364.7
4521,315.7,320.7,310.7
4522,346.2,370.7,321.7
4523,345.7,332.7,358.7
4524,320.7,319.7,321.7
4525,326.2,331.7,320.7
4526,305.2,280.7,329.7
4527,335.2,339.7,330.7
4528,320.7,320.7,320.7
4529,340.2,339.7,340.7
4530,329.2,330.7,327.7
4531,320.2,320.7,319.7
4532,320.2,320.7,319.7
4533,319.7,319.7,319.7
4534,320.2,320.7,319.7
4535,321.2,320.7,321.7
4536,320.7,320.7,320.7
4537,320.7,320.7,320.7
4538,325.7,320.7,330.7
4539,370.2,358.7,381.7
4540,341.7,361.7,321.7
4541,320.2,320.7,319.7
4542,321.2,321.7,320.7
4543,329.7,339.7,319.7
4544,319.7,318.7,320.7
4545,332.2,344.7,319.7
4546,327.7,320.7,334.7
4547,326.2,319.7,332.7
4548,356.2,361.7,350.7
4549,330.2,339.7,320.7
4550,339.7,319.7,359.7
4551,335.2,350.7,319.7
4552,319.7,318.7,320.7
4553,329.7,339.7,319.7
4554,363.7,366.7,360.7
4555,319.7,318.7,320.7
4556,337.7,340.7,334.7
4557,319.7,319.7,319.7
4558,325.2,319.7,330.7
4559,344.2,368.7,319.7
4560,344.2,368.7,319.7
4561,325.2,320.7,329.7
4562,350.2,360.7,339.7
4563,320.2,320.7,319.7
4564,320.2,319.7,320.7
4565,319.7,320.7,318.7
4566,350.2,330.7,369.7
4567,334.2,337.7,330.7
4568,320.2,319.7,320.7
4569,367.7,319.7,415.7
4570,319.2,319.7,318.7
4571,339.2,318.7,359.7
4572,330.7,341.7,319.7
4573,332.7,347.7,317.7
4574,340.7,320.7,360.7
4575,346.7,353.7,339.7
4576,343.7,328.7,358.7
4577,321.2,320.7,321.7
4578,345.2,359.7,330.7
4579,320.2,320.7,319.7
4580,350.2,380.7,319.7
4581,358.2,359.7,356.7
4582,368.2,366.7,369.7
4583,321.2,320.7,321.7
4584,325.2,329.7,320.7
4585,319.7,320.7,318.7
4586,350.2,379.7,320.7
4587,330.7,320.7,340.7
4588,320.2,319.7,320.7
4589,355.7,360.7,350.7
4590,340.2,360.7,319.7
4591,340.2,319.7,360.7
4592,339.7,319.7,359.7
4593,319.2,318.7,319.7
4594,323.7,320.7,326.7
4595,325.2,320.7,329.7
4596,323.2,319.7,326.7
4597,344.7,368.7,320.7
4598,325.7,320.7,330.7
4599,320.2,320.7,319.7
4600,355.2,379.7,330.7
4601,359.7,338.7,380.7
4602,329.7,319.7,339.7
4603,330.7,329.7,331.7
4604,364.2,368.7,359.7
4605,330.7,320.7,340.7
4606,349.2,368.7,329.7
4607,339.7,359.7,319.7
4608,349.7,358.7,340.7
4609,323.2,319.7,326.7
4610,341.2,360.7,321.7
4611,320.7,320.7,320.7
4612,340.2,320.7,359.7
4613,340.2,358.7,321.7
4614,320.7,320.7,320.7
4615,340.2,359.7,320.7
4616,345.7,369.7,321.7
4617,336.2,351.7,320.7
4618,330.2,340.7,319.7
4619,353.7,347.7,359.7
4620,320.7,320.7,320.7
4621,336.2,350.7,321.7
4622,364.7,409.7,319.7
4623,334.2,339.7,328.7
4624,344.7,319.7,369.7
4625,320.2,319.7,320.7
4626,319.7,319.7,319.7
4627,341.2,361.7,320.7
4628,320.2,319.7,320.7
4629,333.7,325.7,341.7
4630,330.7,340.7,320.7
4631,340.7,360.7,320.7
4632,355.2,390.7,319.7
4633,340.2,359.7,320.7
4634,374.7,329.7,419.7
4635,344.7,319.7,369.7
4636,348.7,349.7,347.7
4637,344.7,359.7,329.7
4638,359.2,359.7,358.7
4639,345.7,329.7,361.7
4640,347.2,369.7,324.7
4641,347.7,374.7,320.7
4642,343.7,318.7,368.7
4643,340.7,360.7,320.7
4644,319.7,319.7,319.7
4645,320.7,321.7,319.7
4646,319.7,319.7,319.7
4647,334.2,319.7,348.7
4648,339.7,358.7,320.7
4649,339.7,330.7,348.7
4650,323.2,319.7,326.7
4651,364.2,367.7,360.7
4652,343.7,360.7,326.7
4653,320.2,320.7,319.7
4654,330.7,320.7,340.7
4655,325.7,321.7,329.7
4656,325.2,330.7,319.7
4657,331.2,329.7,332.7
4658,356.7,360.7,352.7
4659,330.2,320.7,339.7
4660,338.7,356.7,320.7
4661,342.2,364.7,319.7
4662,336.7,352.7,320.7
4663,328.7,321.7,335.7
4664,359.7,359.7,359.7
4665,321.2,320.7,321.7
4666,330.7,340.7,320.7
4667,354.7,339.7,369.7
4668,339.7,319.7,359.7
4669,338.7,358.7,318.7
4670,319.7,319.7,319.7
4671,319.7,320.7,318.7
4672,374.2,369.7,378.7
4673,353.2,330.7,375.7
4674,349.7,339.7,359.7
4675,370.7,393.7,347.7
4676,320.2,319.7,320.7
4677,373.7,377.7,369.7
4678,341.2,351.7,330.7
4679,321.2,321.7,320.7
4680,340.2,359.7,320.7
4681,339.7,359.7,319.7
4682,334.7,330.7,338.7
4683,325.2,330.7,319.7
4684,350.2,380.7,319.7
4685,324.7,329.7,319.7
4686,325.7,330.7,320.7
4687,341.2,321.7,360.7
4688,320.2,320.7,319.7
4689,345.2,320.7,369.7
4690,319.7,319.7,319.7
4691,320.7,319.7,321.7
4692,325.7,331.7,319.7
4693,320.2,320.7,319.7
4694,341.7,361.7,321.7
4695,360.7,361.7,359.7
4696,354.7,369.7,339.7
4697,355.7,389.7,321.7
4698,334.7,330.7,338.7
4699,340.7,360.7,320.7
4700,334.7,319.7,349.7
4701,338.7,318.7,358.7
4702,347.7,327.7,367.7
4703,340.7,359.7,321.7
4704,345.2,369.7,320.7
4705,357.2,360.7,353.7
4706,326.2,331.7,320.7
4707,340.2,359.7,320.7
4708,320.2,319.7,320.7
4709,319.7,318.7,320.7
4710,320.2,319.7,320.7
4711,359.2,388.7,329.7
4712,347.7,364.7,330.7
4713,344.2,329.7,358.7
4714,326.2,319.7,332.7
4715,335.7,329.7,341.7
4716,325.2,330.7,319.7
4717,344.2,318.7,369.7
4718,352.7,345.7,359.7
4719,319.7,319.7,319.7
4720,320.2,320.7,319.7
4721,320.2,319.7,320.7
4722,345.2,370.7,319.7
4723,340.7,320.7,360.7
4724,349.2,378.7,319.7
4725,349.7,378.7,320.7
4726,331.7,318.7,344.7
4727,337.7,355.7,319.7
4728,339.2,358.7,319.7
4729,321.2,321.7,320.7
4730,330.7,340.7,320.7
4731,320.7,320.7,320.7
4732,320.7,319.7,321.7
4733,324.2,318.7,329.7
4734,319.2,319.7,318.7
4735,350.7,360.7,340.7
4736,340.7,320.7,360.7
4737,346.2,370.7,321.7
4738,325.2,329.7,320.7
4739,320.7,320.7,320.7
4740,339.7,358.7,320.7
4741,349.7,369.7,329.7
4742,300.7,281.7,319.7
4743,320.7,320.7,320.7
4744,325.2,330.7,319.7
4745,365.2,388.7,341.7
4746,320.2,319.7,320.7
4747,319.2,319.7,318.7
4748,325.2,319.7,330.7
4749,363.7,358.7,368.7
4750,334.7,340.7,328.7
4751,300.7,281.7,319.7
4752,350.7,370.7,330.7
4753,335.2,329.7,340.7
4754,319.7,319.7,319.7
4755,320.2,319.7,320.7
4756,339.2,357.7,320.7
4757,320.2,319.7,320.7
4758,349.7,320.7,378.7
4759,354.2,353.7,354.7
4760,376.2,320.7,431.7
4761,326.2,321.7,330.7
4762,340.2,320.7,359.7
4763,330.2,319.7,340.7
4764,337.7,349.7,325.7
4765,330.2,339.7,320.7
4766,305.2,319.7,290.7
4767,339.7,359.7,319.7
4768,354.7,389.7,319.7
4769,341.2,320.7,361.7
4770,340.2,359.7,320.7
4771,320.7,320.7,320.7
4772,363.7,358.7,368.7
4773,368.2,378.7,357.7
4774,345.2,359.7,330.7
4775,347.7,375.7,319.7
4776,340.2,320.7,359.7
4777,339.2,319.7,358.7
4778,339.7,359.7,319.7
4779,355.2,389.7,320.7
4780,355.2,389.7,320.7
4781,320.7,319.7,321.7
4782,326.2,331.7,320.7
4783,363.2,365.7,360.7
4784,320.7,320.7,320.7
4785,340.2,360.7,319.7
4786,330.2,329.7,330.7
4787,353.2,377.7,328.7
4788,320.7,320.7,320.7
4789,345.2,369.7,320.7
4790,345.2,360.7,329.7
4791,319.7,319.7,319.7
4792,349.7,379.7,319.7
4793,325.7,320.7,330.7
4794,348.2,329.7,366.7
4795,345.2,369.7,320.7
4796,374.7,398.7,350.7
4797,320.2,319.7,320.7
4798,351.7,341.7,361.7
4799,320.2,319.7,320.7
4800,364.7,369.7,359.7
4801,341.2,361.7,320.7
4802,320.2,320.7,319.7
4803,324.7,329.7,319.7
4804,373.7,361.7,385.7
4805,340.7,341.7,339.7
4806,340.2,350.7,329.7
4807,358.2,359.7,356.7
4808,320.7,320.7,320.7
4809,340.2,320.7,359.7
4810,326.2,331.7,320.7
4811,329.7,319.7,339.7
4812,325.7,320.7,330.7
4813,340.7,321.7,359.7
4814,321.7,321.7,321.7
4815,339.2,358.7,319.7
4816,344.7,359.7,329.7
4817,320.2,320.7,319.7
4818,345.2,359.7,330.7
4819,347.7,364.7,330.7
4820,329.2,318.7,339.7
4821,340.7,361.7,319.7
4822,335.2,339.7,330.7
4823,320.2,319.7,320.7
4824,358.7,359.7,357.7
4825,324.2,328.7,319.7
4826,321.2,321.7,320.7
4827,320.7,320.7,320.7
4828,338.7,320.7,356.7
4829,347.2,335.7,358.7
4830,320.2,320.7,319.7
4831,320.7,320.7,320.7
4832,340.7,360.7,320.7
4833,349.2,339.7,358.7
4834,341.2,320.7,361.7
4835,319.7,318.7,320.7
4836,335.2,351.7,318.7
4837,320.7,320.7,320.7
4838,325.2,320.7,329.7
4839,319.7,320.7,318.7
4840,324.7,319.7,329.7
4841,324.7,329.7,319.7
4842,325.2,320.7,329.7
4843,343.7,358.7,328.7
4844,344.7,368.7,320.7
4845,320.2,320.7,319.7
4846,335.7,340.7,330.7
4847,325.2,368.7,281.7
4848,345.2,349.7,340.7
4849,321.2,320.7,321.7
4850,326.2,331.7,320.7
4851,354.7,329.7,379.7
4852,319.2,320.7,317.7
4853,345.2,320.7,369.7
4854,340.7,360.7,320.7
4855,350.2,379.7,320.7
4856,360.7,360.7,360.7
4857,321.7,319.7,323.7
4858,340.7,359.7,321.7
4859,369.2,359.7,378.7
4860,325.2,320.7,329.7
4861,324.7,319.7,329.7
4862,320.2,319.7,320.7
4863,364.7,368.7,360.7
4864,362.7,404.7,320.7
4865,330.7,339.7,321.7
4866,340.7,320.7,360.7
4867,327.2,332.7,321.7
4868,320.2,320.7,319.7
4869,338.7,320.7,356.7
4870,320.2,319.7,320.7
4871,320.7,320.7,320.7
4872,334.7,330.7,338.7
4873,334.7,320.7,348.7
4874,340.7,340.7,340.7
4875,350.2,379.7,320.7
4876,320.7,320.7,320.7
4877,329.7,339.7,319.7
4878,339.7,358.7,320.7
4879,325.2,330.7,319.7
4880,340.7,320.7,360.7
4881,334.2,338.7,329.7
4882,319.7,318.7,320.7
4883,334.7,339.7,329.7
4884,369.2,358.7,379.7
4885,321.2,321.7,320.7
4886,340.2,320.7,359.7
4887,344.7,348.7,340.7
4888,340.7,359.7,321.7
4889,364.2,358.7,369.7
4890,321.2,321.7,320.7
4891,340.2,320.7,359.7
4892,339.7,359.7,319.7
4893,350.7,342.7,358.7
4894,341.2,361.7,320.7
4895,339.7,358.7,320.7
4896,349.7,378.7,320.7
4897,325.7,329.7,321.7
4898,333.7,329.7,337.7
4899,320.7,320.7,320.7
4900,344.2,367.7,320.7
4901,320.2,319.7,320.7
4902,341.2,360.7,321.7
4903,358.7,358.7,358.7
4904,355.2,320.7,389.7
4905,340.7,361.7,319.7
4906,339.7,359.7,319.7
4907,339.2,348.7,329.7
4908,339.7,359.7,319.7
4909,335.7,350.7,320.7
4910,347.2,372.7,321.7
4911,351.7,373.7,329.7
4912,330.2,340.7,319.7
4913,339.7,359.7,319.7
4914,361.7,363.7,359.7
4915,323.7,328.7,318.7
4916,344.2,338.7,349.7
4917,349.7,359.7,339.7
4918,345.2,320.7,369.7
4919,324.2,328.7,319.7
4920,340.7,320.7,360.7
4921,343.2,360.7,325.7
4922,340.2,350.7,329.7
4923,325.2,328.7,321.7
4924,340.2,359.7,320.7
4925,324.7,329.7,319.7
4926,321.2,320.7,321.7
4927,321.2,320.7,321.7
4928,349.2,328.7,369.7
4929,327.2,332.7,321.7
4930,360.2,365.7,354.7
4931,325.2,329.7,320.7
4932,320.7,319.7,321.7
4933,325.7,320.7,330.7
4934,358.7,358.7,358.7
4935,320.7,320.7,320.7
4936,371.2,401.7,340.7
4937,325.2,319.7,330.7
4938,369.7,339.7,399.7
4939,340.7,361.7,319.7
4940,325.2,329.7,320.7
4941,320.2,319.7,320.7
4942,336.2,351.7,320.7
4943,334.2,339.7,328.7
4944,325.2,329.7,320.7
4945,345.2,369.7,320.7
4946,320.7,321.7,319.7
4947,330.2,319.7,340.7
4948,344.7,359.7,329.7
4949,335.2,339.7,330.7
4950,319.7,320.7,318.7
4951,320.2,320.7,319.7
4952,336.2,352.7,319.7
4953,348.7,368.7,328.7
4954,340.7,360.7,320.7
4955,325.7,320.7,330.7
4956,352.7,384.7,320.7
4957,339.7,359.7,319.7
4958,365.2,369.7,360.7
4959,320.7,319.7,321.7
4960,347.7,337.7,357.7
4961,350.7,320.7,380.7
4962,321.2,321.7,320.7
4963,324.7,329.7,319.7
4964,351.2,380.7,321.7
4965,327.7,334.7,320.7
4966,360.2,360.7,359.7
4967,345.2,329.7,360.7
4968,318.7,318.7,318.7
4969,355.2,359.7,350.7
4970,320.7,320.7,320.7
4971,320.7,320.7,320.7
4972,350.2,359.7,340.7
4973,325.7,320.7,330.7
4974,347.7,352.7,342.7
4975,320.2,320.7,319.7
4976,345.2,330.7,359.7
4977,349.7,370.7,328.7
4978,320.7,320.7,320.7
4979,351.2,369.7,332.7
4980,350.7,340.7,360.7
4981,350.2,339.7,360.7
4982,340.7,320.7,360.7
4983,349.2,339.7,358.7
4984,320.2,320.7,319.7
4985,344.2,367.7,320.7
4986,339.7,359.7,319.7
4987,321.2,321.7,320.7
4988,321.2,320.7,321.7
4989,325.2,319.7,330.7
4990,325.2,320.7,329.7
4991,320.7,320.7,320.7
4992,340.2,360.7,319.7
4993,349.7,359.7,339.7
4994,320.7,320.7,320.7
4995,345.2,369.7,320.7
4996,362.7,399.7,325.7
4997,326.2,321.7,330.7
4998,320.7,321.7,319.7
4999,326.2,320.7,331.7
5000,325.2,329.7,320.7
5001,340.2,320.7,359.7
5002,350.7,381.7,319.7
5003,319.7,319.7,319.7
5004,330.7,320.7,340.7
5005,325.7,331.7,319.7
5006,341.2,361.7,320.7
5007,345.2,360.7,329.7
5008,320.7,319.7,321.7
5009,338.7,320.7,356.7
5010,330.7,340.7,320.7
5011,360.2,350.7,369.7
5012,320.7,320.7,320.7
5013,355.7,359.7,351.7
5014,321.7,321.7,321.7
5015,340.2,349.7,330.7
5016,370.2,380.7,359.7
5017,319.2,319.7,318.7
5018,320.2,319.7,320.7
5019,345.2,360.7,329.7
5020,325.7,331.7,319.7
5021,330.2,320.7,339.7
5022,364.2,367.7,360.7
5023,364.7,369.7,359.7
5024,344.2,328.7,359.7
5025,339.2,359.7,318.7
5026,321.2,320.7,321.7
5027,340.2,359.7,320.7
5028,339.7,360.7,318.7
5029,321.2,321.7,320.7
5030,335.7,350.7,320.7
5031,341.2,360.7,321.7
5032,325.2,329.7,320.7
5033,342.2,364.7,319.7
5034,329.2,327.7,330.7
5035,340.2,319.7,360.7
5036,351.2,383.7,318.7
5037,345.2,330.7,359.7
5038,340.2,359.7,320.7
5039,340.2,360.7,319.7
5040,334.7,349.7,319.7
5041,319.7,319.7,319.7
5042,342.2,363.7,320.7
5043,324.2,319.7,328.7
5044,339.7,335.7,343.7
5045,320.7,321.7,319.7
5046,320.7,329.7,311.7
5047,320.7,320.7,320.7
5048,326.2,330.7,321.7
5049,320.2,320.7,319.7
5050,324.2,328.7,319.7
5051,319.2,318.7,319.7
5052,339.7,358.7,320.7
5053,339.2,359.7,318.7
5054,334.2,347.7,320.7
5055,340.2,359.7,320.7
5056,319.7,318.7,320.7
5057,320.2,319.7,320.7
5058,352.7,365.7,339.7
5059,345.7,321.7,369.7
5060,319.7,320.7,318.7
5061,320.2,319.7,320.7
5062,334.7,349.7,319.7
5063,335.2,329.7,340.7
5064,340.2,320.7,359.7
5065,332.7,335.7,329.7
5066,358.7,329.7,387.7
5067,320.2,319.7,320.7
5068,321.7,321.7,321.7
5069,320.7,320.7,320.7
5070,320.2,319.7,320.7
5071,326.2,331.7,320.7
5072,320.2,319.7,320.7
5073,329.7,339.7,319.7
5074,350.2,380.7,319.7
5075,352.2,383.7,320.7
5076,325.7,330.7,320.7
5077,334.7,349.7,319.7
5078,340.2,359.7,320.7
5079,349.2,340.7,357.7
5080,320.7,320.7,320.7
5081,320.7,320.7,320.7
5082,379.2,359.7,398.7
5083,321.2,321.7,320.7
5084,340.2,359.7,320.7
5085,340.2,359.7,320.7
5086,335.7,320.7,350.7
5087,350.2,340.7,359.7
5088,320.2,320.7,319.7
5089,325.7,321.7,329.7
5090,320.2,320.7,319.7
5091,320.2,320.7,319.7
5092,344.2,357.7,330.7
5093,320.7,320.7,320.7
5094,335.2,330.7,339.7
5095,345.2,359.7,330.7
5096,330.2,320.7,339.7
5097,334.2,340.7,327.7
5098,320.2,320.7,319.7
5099,365.2,361.7,368.7
5100,318.7,317.7,319.7
5101,325.7,329.7,321.7
5102,379.2,358.7,399.7
5103,335.2,319.7,350.7
5104,354.7,389.7,319.7
5105,320.2,318.7,321.7
5106,359.2,357.7,360.7
5107,320.7,320.7,320.7
5108,330.2,320.7,339.7
5109,326.2,358.7,293.7
5110,320.7,321.7,319.7
5111,339.2,358.7,319.7
5112,331.2,342.7,319.7
5113,324.2,327.7,320.7
5114,319.7,319.7,319.7
5115,340.2,319.7,360.7
5116,320.2,319.7,320.7
5117,325.7,330.7,320.7
5118,339.7,319.7,359.7
5119,329.7,339.7,319.7
5120,320.7,320.7,320.7
5121,330.2,338.7,321.7
5122,378.2,396.7,359.7
5123,319.2,320.7,317.7
5124,321.2,321.7,320.7
5125,319.7,319.7,319.7
5126,332.7,320.7,344.7
5127,345.7,320.7,370.7
5128,320.2,321.7,318.7
5129,339.7,358.7,320.7
5130,344.7,368.7,320.7
5131,373.2,379.7,366.7
5132,354.7,368.7,340.7
5133,320.7,320.7,320.7
5134,325.2,320.7,329.7
5135,340.7,321.7,359.7
5136,325.7,330.7,320.7
5137,370.2,419.7,320.7
5138,350.2,319.7,380.7
5139,320.2,318.7,321.7
5140,320.2,319.7,320.7
5141,360.7,350.7,370.7
5142,341.2,361.7,320.7
5143,320.2,320.7,319.7
5144,340.2,320.7,359.7
5145,320.2,319.7,320.7
5146,330.7,340.7,320.7
5147,329.2,339.7,318.7
5148,324.2,319.7,328.7
5149,320.7,320.7,320.7
5150,334.7,339.7,329.7
5151,322.2,319.7,324.7
5152,340.2,360.7,319.7
5153,328.7,321.7,335.7
5154,324.7,328.7,320.7
5155,319.2,318.7,319.7
5156,347.7,319.7,375.7
5157,320.2,319.7,320.7
5158,338.7,357.7,319.7
5159,325.2,319.7,330.7
5160,320.2,320.7,319.7
5161,338.7,318.7,358.7
5162,344.7,358.7,330.7
5163,339.2,319.7,358.7
5164,340.7,320.7,360.7
5165,320.2,318.7,321.7
5166,355.2,370.7,339.7
5167,324.7,319.7,329.7
5168,321.7,321.7,321.7
5169,337.2,319.7,354.7
5170,328.7,328.7,328.7
5171,362.2,365.7,358.7
5172,330.2,340.7,319.7
5173,338.2,321.7,354.7
5174,321.2,320.7,321.7
5175,350.2,320.7,379.7
5176,348.2,349.7,346.7
5177,340.7,360.7,320.7
5178,344.7,369.7,319.7
5179,330.2,339.7,320.7
5180,320.2,319.7,320.7
5181,319.7,319.7,319.7
5182,353.7,329.7,377.7
5183,363.2,339.7,386.7
5184,360.2,340.7,379.7
5185,335.2,320.7,349.7
5186,320.7,320.7,320.7
5187,334.7,349.7,319.7
5188,355.7,321.7,389.7
5189,349.7,329.7,369.7
5190,320.7,320.7,320.7
5191,340.2,320.7,359.7
5192,320.2,320.7,319.7
5193,326.2,321.7,330.7
5194,344.7,329.7,359.7
5195,325.2,319.7,330.7
5196,330.2,320.7,339.7
5197,344.7,369.7,319.7
5198,339.7,319.7,359.7
5199,349.7,359.7,339.7
5200,345.2,359.7,330.7
5201,320.2,320.7,319.7
5202,353.7,318.7,388.7
5203,345.7,360.7,330.7
5204,319.7,318.7,320.7
5205,319.2,319.7,318.7
5206,349.7,379.7,319.7
5207,320.7,320.7,320.7
5208,340.2,359.7,320.7
5209,330.2,339.7,320.7
5210,324.7,319.7,329.7
5211,325.2,330.7,319.7
5212,320.2,319.7,320.7
5213,349.2,337.7,360.7
5214,335.2,319.7,350.7
5215,354.7,334.7,374.7
5216,326.2,331.7,320.7
5217,330.2,339.7,320.7
5218,329.7,329.7,329.7
5219,320.2,319.7,320.7
5220,384.2,398.7,369.7
5221,340.7,361.7,319.7
5222,320.2,319.7,320.7
5223,320.7,319.7,321.7
5224,335.2,340.7,329.7
5225,325.2,330.7,319.7
5226,319.7,318.7,320.7
5227,349.7,319.7,379.7
5228,320.7,320.7,320.7
5229,339.2,358.7,319.7
5230,350.2,320.7,379.7
5231,337.7,320.7,354.7
5232,320.7,321.7,319.7
5233,330.2,328.7,331.7
5234,319.7,319.7,319.7
5235,339.7,330.7,348.7
5236,321.2,320.7,321.7
5237,325.2,319.7,330.7
5238,345.7,320.7,370.7
5239,339.7,359.7,319.7
5240,320.2,319.7,320.7
5241,300.7,280.7,320.7
5242,354.7,388.7,320.7
5243,326.7,320.7,332.7
5244,336.7,319.7,353.7
5245,340.2,319.7,360.7
5246,319.7,319.7,319.7
5247,319.7,319.7,319.7
5248,341.2,361.7,320.7
5249,350.2,379.7,320.7
5250,325.2,329.7,320.7
5251,325.2,329.7,320.7
5252,348.7,330.7,366.7
5253,331.2,341.7,320.7
5254,325.7,321.7,329.7
5255,325.2,330.7,319.7
5256,330.7,320.7,340.7
5257,341.2,351.7,330.7
5258,338.7,321.7,355.7
5259,319.7,319.7,319.7
5260,351.2,368.7,333.7
5261,325.2,320.7,329.7
5262,343.2,320.7,365.7
5263,319.7,318.7,320.7
5264,350.2,329.7,370.7
5265,339.7,319.7,359.7
5266,345.7,330.7,360.7
5267,340.2,359.7,320.7
5268,320.2,320.7,319.7
5269,328.2,335.7,320.7
5270,319.7,317.7,321.7
5271,340.2,359.7,320.7
5272,320.7,320.7,320.7
5273,345.2,330.7,359.7
5274,330.7,340.7,320.7
5275,339.7,359.7,319.7
5276,339.7,357.7,321.7
5277,330.7,321.7,339.7
5278,340.2,360.7,319.7
5279,330.7,331.7,329.7
5280,319.7,319.7,319.7
5281,325.7,330.7,320.7
5282,319.7,319.7,319.7
5283,321.2,321.7,320.7
5284,319.7,319.7,319.7
5285,326.2,330.7,321.7
5286,339.7,320.7,358.7
5287,347.2,350.7,343.7
5288,337.7,320.7,354.7
5289,319.7,320.7,318.7
5290,326.2,321.7,330.7
5291,344.2,357.7,330.7
5292,317.2,352.7,281.7
5293,323.2,324.7,321.7
5294,360.2,361.7,358.7
5295,340.2,321.7,358.7
5296,321.2,321.7,320.7
5297,320.2,320.7,319.7
5298,354.2,358.7,349.7
5299,320.7,320.7,320.7
5300,340.7,359.7,321.7
5301,340.2,319.7,360.7
5302,344.7,319.7,369.7
5303,359.7,359.7,359.7
5304,341.2,361.7,320.7
5305,340.7,360.7,320.7
5306,320.7,321.7,319.7
5307,320.2,319.7,320.7
5308,320.2,319.7,320.7
5309,330.2,321.7,338.7
5310,345.7,362.7,328.7
5311,325.2,329.7,320.7
5312,330.2,319.7,340.7
5313,348.7,319.7,377.7
5314,320.2,318.7,321.7
5315,356.2,352.7,359.7
5316,334.7,319.7,349.7
5317,336.7,321.7,351.7
5318,343.2,360.7,325.7
5319,319.2,318.7,319.7
5320,346.7,368.7,324.7
5321,350.7,379.7,321.7
5322,350.2,359.7,340.7
5323,348.2,365.7,330.7
5324,325.2,330.7,319.7
5325,321.2,320.7,321.7
5326,340.2,359.7,320.7
5327,340.7,320.7,360.7
5328,335.2,329.7,340.7
5329,341.2,360.7,321.7
5330,326.2,330.7,321.7
5331,340.2,359.7,320.7
5332,358.7,359.7,357.7
5333,350.2,330.7,369.7
5334,340.2,360.7,319.7
5335,324.2,318.7,329.7
5336,320.7,319.7,321.7
5337,320.2,319.7,320.7
5338,339.7,358.7,320.7
5339,333.2,346.7,319.7
5340,305.7,320.7,290.7
5341,336.2,329.7,342.7
5342,320.7,320.7,320.7
5343,329.7,319.7,339.7
5344,325.2,320.7,329.7
5345,340.2,360.7,319.7
5346,321.2,321.7,320.7
5347,334.2,318.7,349.7
5348,324.7,329.7,319.7
5349,350.7,320.7,380.7
5350,335.2,340.7,329.7
5351,375.7,367.7,383.7
5352,325.2,320.7,329.7
5353,336.2,321.7,350.7
5354,321.2,321.7,320.7
5355,320.2,319.7,320.7
5356,345.2,359.7,330.7
5357,319.7,319.7,319.7
5358,325.2,330.7,319.7
5359,320.2,320.7,319.7
5360,335.2,342.7,327.7
5361,369.2,417.7,320.7
5362,320.2,320.7,319.7
5363,340.2,359.7,320.7
5364,341.7,320.7,362.7
5365,321.7,321.7,321.7
5366,334.7,318.7,350.7
5367,319.7,319.7,319.7
5368,340.7,351.7,329.7
5369,320.7,320.7,320.7
5370,320.7,321.7,319.7
5371,336.2,352.7,319.7
5372,323.7,320.7,326.7
5373,320.7,321.7,319.7
5374,320.7,320.7,320.7
5375,330.2,340.7,319.7
5376,325.7,319.7,331.7
5377,327.7,320.7,334.7
5378,340.2,320.7,359.7
5379,384.7,409.7,359.7
5380,331.2,320.7,341.7
5381,321.2,320.7,321.7
5382,332.7,330.7,334.7
5383,349.7,378.7,320.7
5384,330.2,329.7,330.7
5385,340.2,320.7,359.7
5386,384.7,389.7,379.7
5387,320.7,320.7,320.7
5388,320.7,321.7,319.7
5389,321.7,321.7,321.7
5390,354.2,379.7,328.7
5391,325.7,330.7,320.7
5392,334.7,319.7,349.7
5393,320.7,320.7,320.7
5394,353.7,385.7,321.7
5395,320.7,320.7,320.7
5396,335.2,339.7,330.7
5397,330.2,340.7,319.7
5398,378.7,399.7,357.7
5399,359.7,359.7,359.7
5400,353.2,349.7,356.7
5401,330.2,330.7,329.7
5402,349.7,369.7,329.7
5403,321.7,321.7,321.7
5404,325.2,331.7,318.7
5405,331.2,331.7,330.7
5406,350.2,369.7,330.7
5407,356.2,391.7,320.7
5408,341.2,321.7,360.7
5409,330.7,340.7,320.7
5410,321.2,320.7,321.7
5411,384.2,387.7,380.7
5412,325.2,320.7,329.7
5413,325.7,320.7,330.7
5414,356.2,392.7,319.7
5415,319.2,319.7,318.7
5416,351.2,361.7,340.7
5417,349.7,329.7,369.7
5418,345.7,330.7,360.7
5419,321.2,320.7,321.7
5420,360.7,359.7,361.7
5421,327.7,335.7,319.7
5422,329.2,328.7,329.7
5423,320.7,320.7,320.7
5424,341.2,320.7,361.7
5425,325.7,320.7,330.7
5426,331.2,340.7,321.7
5427,350.2,340.7,359.7
5428,325.7,331.7,319.7
5429,335.2,349.7,320.7
5430,319.7,319.7,319.7
5431,328.7,320.7,336.7
5432,325.2,329.7,320.7
5433,335.2,349.7,320.7
5434,339.7,359.7,319.7
5435,336.2,321.7,350.7
5436,321.2,321.7,320.7
5437,325.7,330.7,320.7
5438,340.2,349.7,330.7
5439,319.2,318.7,319.7
5440,344.7,358.7,330.7
5441,359.7,388.7,330.7
5442,354.7,389.7,319.7
5443,325.7,330.7,320.7
5444,319.7,319.7,319.7
5445,328.7,320.7,336.7
5446,359.7,378.7,340.7
5447,319.7,318.7,320.7
5448,320.2,319.7,320.7
5449,340.2,320.7,359.7
5450,343.7,321.7,365.7
5451,349.2,378.7,319.7
5452,330.2,319.7,340.7
5453,335.7,319.7,351.7
5454,326.2,330.7,321.7
5455,348.2,377.7,318.7
5456,321.2,321.7,320.7
5457,325.7,330.7,320.7
5458,300.7,319.7,281.7
5459,334.7,347.7,321.7
5460,322.2,320.7,323.7
5461,320.2,320.7,319.7
5462,330.2,330.7,329.7
5463,339.7,358.7,320.7
5464,354.7,338.7,370.7
5465,319.7,319.7,319.7
5466,339.2,358.7,319.7
5467,320.7,320.7,320.7
5468,339.2,357.7,320.7
5469,340.7,361.7,319.7
5470,338.2,337.7,338.7
5471,319.7,319.7,319.7
5472,320.7,320.7,320.7
5473,345.2,329.7,360.7
5474,340.7,320.7,360.7
5475,340.2,359.7,320.7
5476,340.2,320.7,359.7
5477,320.2,319.7,320.7
5478,349.2,377.7,320.7
5479,344.7,359.7,329.7
5480,327.7,319.7,335.7
5481,343.2,320.7,365.7
5482,326.2,321.7,330.7
5483,338.7,355.7,321.7
5484,339.7,319.7,359.7
5485,319.7,320.7,318.7
5486,329.7,340.7,318.7
5487,356.7,329.7,383.7
5488,335.2,340.7,329.7
5489,364.7,338.7,390.7
5490,325.2,319.7,330.7
5491,320.2,320.7,319.7
5492,324.7,328.7,320.7
5493,360.2,359.7,360.7
5494,320.2,319.7,320.7
5495,320.7,321.7,319.7
5496,320.2,320.7,319.7
5497,324.7,329.7,319.7
5498,325.2,330.7,319.7
5499,345.7,320.7,370.7
5500,412.2,389.7,434.7
5501,335.2,339.7,330.7
5502,319.7,320.7,318.7
5503,340.2,319.7,360.7
5504,332.7,335.7,329.7
5505,349.2,329.7,368.7
5506,340.2,359.7,320.7
5507,327.7,329.7,325.7
5508,339.2,320.7,357.7
5509,319.7,319.7,319.7
5510,321.2,321.7,320.7
5511,340.2,320.7,359.7
5512,354.7,389.7,319.7
5513,329.2,320.7,337.7
5514,345.2,370.7,319.7
5515,330.2,319.7,340.7
5516,360.7,351.7,369.7
5517,320.2,319.7,320.7
5518,319.2,319.7,318.7
5519,319.7,319.7,319.7
5520,319.7,319.7,319.7
5521,321.2,321.7,320.7
5522,349.2,329.7,368.7
5523,320.2,320.7,319.7
5524,344.2,367.7,320.7
5525,349.7,320.7,378.7
5526,326.7,333.7,319.7
5527,319.7,319.7,319.7
5528,335.7,341.7,329.7
5529,340.7,360.7,320.7
5530,350.2,380.7,319.7
5531,340.2,360.7,319.7
5532,319.7,319.7,319.7
5533,336.7,319.7,353.7
5534,369.7,359.7,379.7
5535,339.7,358.7,320.7
5536,321.2,321.7,320.7
5537,340.7,350.7,330.7
5538,320.7,320.7,320.7
5539,335.2,320.7,349.7
5540,320.2,319.7,320.7
5541,319.7,318.7,320.7
5542,342.2,324.7,359.7
5543,330.7,340.7,320.7
5544,341.7,361.7,321.7
5545,360.2,379.7,340.7
5546,355.2,360.7,349.7
5547,349.7,378.7,320.7
5548,326.7,320.7,332.7
5549,332.7,319.7,345.7
5550,320.7,320.7,320.7
5551,343.7,366.7,320.7
5552,320.7,321.7,319.7
5553,369.2,367.7,370.7
5554,339.2,358.7,319.7
5555,341.2,321.7,360.7
5556,347.2,373.7,320.7
5557,349.2,378.7,319.7
5558,330.7,339.7,321.7
5559,344.7,358.7,330.7
5560,325.2,330.7,319.7
5561,338.7,357.7,319.7
5562,344.7,329.7,359.7
5563,320.7,320.7,320.7
5564,341.2,361.7,320.7
5565,320.2,320.7,319.7
5566,345.2,330.7,359.7
5567,330.7,340.7,320.7
5568,360.2,389.7,330.7
5569,325.7,319.7,331.7
5570,360.2,358.7,361.7
5571,325.2,330.7,319.7
5572,340.2,320.7,359.7
5573,320.7,320.7,320.7
5574,329.2,319.7,338.7
5575,331.7,319.7,343.7
5576,321.7,319.7,323.7
5577,325.7,330.7,320.7
5578,338.7,320.7,356.7
5579,339.2,358.7,319.7
5580,345.2,330.7,359.7
5581,344.7,369.7,319.7
5582,320.7,320.7,320.7
5583,339.7,358.7,320.7
5584,325.2,320.7,329.7
5585,325.7,331.7,319.7
5586,344.7,370.7,318.7
5587,347.7,374.7,320.7
5588,330.7,342.7,318.7
5589,324.7,320.7,328.7
5590,335.7,350.7,320.7
5591,332.2,319.7,344.7
5592,320.2,320.7,319.7
5593,345.7,370.7,320.7
5594,319.7,319.7,319.7
5595,339.2,358.7,319.7
5596,319.7,318.7,320.7
5597,344.2,320.7,367.7
5598,344.2,369.7,318.7
5599,330.2,339.7,320.7
5600,329.7,339.7,319.7
5601,344.7,369.7,319.7
5602,333.7,345.7,321.7
5603,333.2,336.7,329.7
5604,325.2,329.7,320.7
5605,361.2,368.7,353.7
5606,340.2,360.7,319.7
5607,326.2,330.7,321.7
5608,342.7,354.7,330.7
5609,321.7,321.7,321.7
5610,364.7,369.7,359.7
5611,339.2,357.7,320.7
5612,325.7,320.7,330.7
5613,347.2,374.7,319.7
5614,344.2,320.7,367.7
5615,320.7,320.7,320.7
5616,320.2,320.7,319.7
5617,325.2,319.7,330.7
5618,339.7,319.7,359.7
5619,349.7,340.7,358.7
5620,324.7,329.7,319.7
5621,320.2,320.7,319.7
5622,320.2,320.7,319.7
5623,320.2,319.7,320.7
5624,320.2,320.7,319.7
5625,325.2,329.7,320.7
5626,337.7,319.7,355.7
5627,345.2,369.7,320.7
5628,339.2,357.7,320.7
5629,320.2,319.7,320.7
5630,326.2,331.7,320.7
5631,339.2,319.7,358.7
5632,319.7,319.7,319.7
5633,321.2,321.7,320.7
5634,345.7,360.7,330.7
5635,339.2,329.7,348.7
5636,319.2,318.7,319.7
5637,320.2,319.7,320.7
5638,345.2,369.7,320.7
5639,338.2,355.7,320.7
5640,326.2,319.7,332.7
5641,354.2,367.7,340.7
5642,320.7,320.7,320.7
5643,365.2,370.7,359.7
5644,320.2,320.7,319.7
5645,346.2,345.7,346.7
5646,330.2,319.7,340.7
5647,333.7,320.7,346.7
5648,339.7,358.7,320.7
5649,319.7,320.7,318.7
5650,320.7,319.7,321.7
5651,349.2,329.7,368.7
5652,320.2,320.7,319.7
5653,325.7,320.7,330.7
5654,325.7,320.7,330.7
5655,320.7,320.7,320.7
5656,319.7,319.7,319.7
5657,344.7,368.7,320.7
5658,320.7,320.7,320.7
5659,338.2,330.7,345.7
5660,345.7,330.7,360.7
5661,334.2,329.7,338.7
5662,320.2,319.7,320.7
5663,345.7,370.7,320.7
5664,330.2,339.7,320.7
5665,320.2,319.7,320.7
5666,326.2,330.7,321.7
5667,320.7,321.7,319.7
5668,320.2,319.7,320.7
5669,325.7,330.7,320.7
5670,330.7,340.7,320.7
5671,355.2,329.7,380.7
5672,320.7,320.7,320.7
5673,339.7,320.7,358.7
5674,328.2,335.7,320.7
5675,341.7,361.7,321.7
5676,331.2,321.7,340.7
5677,321.2,320.7,321.7
5678,330.2,339.7,320.7
5679,325.7,320.7,330.7
5680,325.2,320.7,329.7
5681,301.2,320.7,281.7
5682,344.2,330.7,357.7
5683,325.2,319.7,330.7
5684,340.2,320.7,359.7
5685,350.7,320.7,380.7
5686,319.7,319.7,319.7
5687,336.2,353.7,318.7
5688,319.7,319.7,319.7
5689,320.2,320.7,319.7
5690,320.7,319.7,321.7
5691,340.2,359.7,320.7
5692,325.2,320.7,329.7
5693,350.2,369.7,330.7
5694,326.2,331.7,320.7
5695,343.7,368.7,318.7
5696,335.7,350.7,320.7
5697,343.7,329.7,357.7
5698,346.7,363.7,329.7
5699,342.7,331.7,353.7
5700,334.7,320.7,348.7
5701,339.7,359.7,319.7
5702,320.7,320.7,320.7
5703,335.7,350.7,320.7
5704,340.7,330.7,350.7
5705,324.7,319.7,329.7
5706,320.2,320.7,319.7
5707,352.7,343.7,361.7
5708,320.7,319.7,321.7
5709,335.7,331.7,339.7
5710,365.2,364.7,365.7
5711,353.2,365.7,340.7
5712,345.2,359.7,330.7
5713,335.2,349.7,320.7
5714,341.2,320.7,361.7
5715,320.2,320.7,319.7
5716,327.2,335.7,318.7
5717,364.2,319.7,408.7
5718,325.2,318.7,331.7
5719,320.7,320.7,320.7
5720,359.7,358.7,360.7
5721,345.7,370.7,320.7
5722,329.7,330.7,328.7
5723,331.7,329.7,333.7
5724,358.7,359.7,357.7
5725,336.7,319.7,353.7
5726,354.2,378.7,329.7
5727,325.2,328.7,321.7
5728,341.2,360.7,321.7
5729,329.7,340.7,318.7
5730,345.7,330.7,360.7
5731,349.2,378.7,319.7
5732,351.2,380.7,321.7
5733,330.2,319.7,340.7
5734,320.7,320.7,320.7
5735,319.7,319.7,319.7
5736,335.2,349.7,320.7
5737,320.2,319.7,320.7
5738,320.2,321.7,318.7
5739,324.7,329.7,319.7
5740,340.2,360.7,319.7
5741,320.7,319.7,321.7
5742,320.7,319.7,321.7
5743,340.7,360.7,320.7
5744,339.7,359.7,319.7
5745,340.2,339.7,340.7
5746,330.2,319.7,340.7
5747,325.7,321.7,329.7
5748,345.7,370.7,320.7
5749,333.2,336.7,329.7
5750,325.2,319.7,330.7
5751,324.7,319.7,329.7
5752,320.2,319.7,320.7
5753,340.2,359.7,320.7
5754,345.2,330.7,359.7
5755,339.2,358.7,319.7
5756,321.2,320.7,321.7
5757,320.7,320.7,320.7
5758,346.7,333.7,359.7
5759,344.7,358.7,330.7
5760,319.7,319.7,319.7
5761,321.2,321.7,320.7
5762,320.2,319.7,320.7
5763,320.7,320.7,320.7
5764,325.2,329.7,320.7
5765,330.2,330.7,329.7
5766,349.7,380.7,318.7
5767,321.2,321.7,320.7
5768,320.7,320.7,320.7
5769,329.7,319.7,339.7
5770,320.7,320.7,320.7
5771,320.7,320.7,320.7
5772,345.2,370.7,319.7
5773,320.7,320.7,320.7
5774,334.7,339.7,329.7
5775,339.7,359.7,319.7
5776,320.2,319.7,320.7
5777,320.2,320.7,319.7
5778,340.7,341.7,339.7
5779,351.2,321.7,380.7
5780,320.7,320.7,320.7
5781,321.2,321.7,320.7
5782,343.7,321.7,365.7
5783,325.7,320.7,330.7
5784,340.7,320.7,360.7
5785,321.2,321.7,320.7
5786,325.7,320.7,330.7
5787,319.7,318.7,320.7
5788,319.7,319.7,319.7
5789,328.2,319.7,336.7
5790,375.2,429.7,320.7
5791,319.7,320.7,318.7
5792,350.2,330.7,369.7
5793,320.7,320.7,320.7
5794,330.7,330.7,330.7
5795,337.7,339.7,335.7
5796,362.7,370.7,354.7
5797,334.7,319.7,349.7
5798,325.7,320.7,330.7
5799,361.2,361.7,360.7
5800,331.2,330.7,331.7
5801,340.7,360.7,320.7
5802,344.7,369.7,319.7
5803,358.7,358.7,358.7
5804,350.7,320.7,380.7
5805,320.2,320.7,319.7
5806,333.7,340.7,326.7
5807,320.7,320.7,320.7
5808,337.7,340.7,334.7
5809,337.7,355.7,319.7
5810,324.7,330.7,318.7
5811,353.7,340.7,366.7
5812,344.7,319.7,369.7
5813,328.2,319.7,336.7
5814,329.2,319.7,338.7
5815,320.2,319.7,320.7
5816,339.7,359.7,319.7
5817,325.2,329.7,320.7
5818,341.2,361.7,320.7
5819,325.2,319.7,330.7
5820,321.2,320.7,321.7
5821,320.2,319.7,320.7
5822,364.2,359.7,368.7
5823,330.7,320.7,340.7
5824,325.7,319.7,331.7
5825,344.2,367.7,320.7
5826,345.2,359.7,330.7
5827,320.7,320.7,320.7
5828,326.2,321.7,330.7
5829,320.7,320.7,320.7
5830,325.7,321.7,329.7
5831,320.7,320.7,320.7
5832,325.2,320.7,329.7
5833,340.7,320.7,360.7
5834,334.7,328.7,340.7
5835,349.2,321.7,376.7
5836,326.2,319.7,332.7
5837,324.7,320.7,328.7
5838,319.7,319.7,319.7
5839,315.7,319.7,311.7
5840,337.2,318.7,355.7
5841,321.2,321.7,320.7
5842,345.2,319.7,370.7
5843,343.7,358.7,328.7
5844,339.2,358.7,319.7
5845,326.2,330.7,321.7
5846,335.2,320.7,349.7
5847,326.2,330.7,321.7
5848,329.7,319.7,339.7
5849,319.7,319.7,319.7
5850,320.7,321.7,319.7
5851,320.2,320.7,319.7
5852,320.7,320.7,320.7
5853,325.7,329.7,321.7
5854,340.7,360.7,320.7
5855,339.7,358.7,320.7
5856,340.2,359.7,320.7
5857,344.7,329.7,359.7
5858,320.2,319.7,320.7
5859,349.7,359.7,339.7
5860,318.7,318.7,318.7
5861,324.7,329.7,319.7
5862,325.2,320.7,329.7
5863,340.2,349.7,330.7
5864,361.7,359.7,363.7
5865,320.2,320.7,319.7
5866,340.7,360.7,320.7
5867,327.7,333.7,321.7
5868,321.2,321.7,320.7
5869,325.7,329.7,321.7
5870,330.7,340.7,320.7
5871,319.2,318.7,319.7
5872,360.2,319.7,400.7
5873,320.7,320.7,320.7
5874,320.7,320.7,320.7
5875,384.7,438.7,330.7
5876,320.7,320.7,320.7
5877,339.2,358.7,319.7
5878,329.7,319.7,339.7
5879,321.7,321.7,321.7
5880,329.7,339.7,319.7
5881,320.2,320.7,319.7
5882,324.7,328.7,320.7
5883,346.2,330.7,361.7
5884,335.7,339.7,331.7
5885,320.2,320.7,319.7
5886,342.2,320.7,363.7
5887,324.2,328.7,319.7
5888,300.7,319.7,281.7
5889,344.7,369.7,319.7
5890,340.7,319.7,361.7
5891,325.2,319.7,330.7
5892,349.2,340.7,357.7
5893,350.7,320.7,380.7
5894,335.2,349.7,320.7
5895,320.2,319.7,320.7
5896,321.2,320.7,321.7
5897,350.7,366.7,334.7
5898,339.2,359.7,318.7
5899,370.2,419.7,320.7
5900,339.2,357.7,320.7
5901,340.2,320.7,359.7
5902,349.7,358.7,340.7
5903,320.7,320.7,320.7
5904,320.7,320.7,320.7
5905,339.7,319.7,359.7
5906,324.2,318.7,329.7
5907,339.2,318.7,359.7
5908,338.2,320.7,355.7
5909,359.7,350.7,368.7
5910,320.2,321.7,318.7
5911,320.7,320.7,320.7
5912,324.2,318.7,329.7
5913,360.7,360.7,360.7
5914,349.7,379.7,319.7
5915,329.7,320.7,338.7
5916,320.7,320.7,320.7
5917,325.2,320.7,329.7
5918,339.2,318.7,359.7
5919,330.2,340.7,319.7
5920,325.7,320.7,330.7
5921,363.2,345.7,380.7
5922,352.7,335.7,369.7
5923,340.2,359.7,320.7
5924,344.2,368.7,319.7
5925,345.7,369.7,321.7
5926,325.7,320.7,330.7
5927,362.7,399.7,325.7
5928,353.7,357.7,349.7
5929,357.7,351.7,363.7
5930,344.2,356.7,331.7
5931,325.2,329.7,320.7
5932,345.2,369.7,320.7
5933,320.2,320.7,319.7
5934,359.7,319.7,399.7
5935,320.2,319.7,320.7
5936,330.2,339.7,320.7
5937,325.7,321.7,329.7
5938,338.7,320.7,356.7
5939,354.7,329.7,379.7
5940,319.7,319.7,319.7
5941,320.2,319.7,320.7
5942,305.2,329.7,280.7
5943,345.2,360.7,329.7
5944,339.7,318.7,360.7
5945,345.2,331.7,358.7
5946,337.7,354.7,320.7
5947,353.7,376.7,330.7
5948,348.7,368.7,328.7
5949,319.7,319.7,319.7
5950,324.7,320.7,328.7
5951,356.7,354.7,358.7
5952,319.7,319.7,319.7
5953,320.2,319.7,320.7
5954,344.2,368.7,319.7
5955,331.7,319.7,343.7
5956,330.7,341.7,319.7
5957,349.7,379.7,319.7
5958,364.2,358.7,369.7
5959,319.7,319.7,319.7
5960,348.7,336.7,360.7
5961,301.2,281.7,320.7
5962,341.7,361.7,321.7
5963,330.2,329.7,330.7
5964,340.2,320.7,359.7
5965,320.2,320.7,319.7
5966,339.7,319.7,359.7
5967,355.7,359.7,351.7
5968,320.7,320.7,320.7
5969,366.2,370.7,361.7
5970,327.7,324.7,330.7
5971,319.7,319.7,319.7
5972,330.2,339.7,320.7
5973,359.7,359.7,359.7
5974,320.2,319.7,320.7
5975,329.7,339.7,319.7
5976,349.7,320.7,378.7
5977,332.7,320.7,344.7
5978,327.7,319.7,335.7
5979,320.7,320.7,320.7
5980,344.7,319.7,369.7
5981,330.2,320.7,339.7
5982,321.7,321.7,321.7
5983,335.2,340.7,329.7
5984,328.2,320.7,335.7
5985,349.2,320.7,377.7
5986,345.2,360.7,329.7
5987,335.2,350.7,319.7
5988,340.7,361.7,319.7
5989,320.2,320.7,319.7
5990,325.7,330.7,320.7
5991,334.2,338.7,329.7
5992,336.7,329.7,343.7
5993,360.7,361.7,359.7
5994,350.2,379.7,320.7
5995,349.7,330.7,368.7
5996,340.7,320.7,360.7
5997,320.2,320.7,319.7
5998,320.7,319.7,321.7
5999,330.2,340.7,319.7
6000,328.2,325.7,330.7
6001,332.2,343.7,320.7
6002,320.2,319.7,320.7
6003,320.2,319.7,320.7
6004,319.7,319.7,319.7
6005,319.7,319.7,319.7
6006,319.2,318.7,319.7
6007,339.7,319.7,359.7
6008,339.7,358.7,320.7
6009,319.2,319.7,318.7
6010,361.7,402.7,320.7
6011,325.2,330.7,319.7
6012,325.2,320.7,329.7
6013,320.2,319.7,320.7
6014,320.2,319.7,320.7
6015,320.2,320.7,319.7
6016,339.2,358.7,319.7
6017,343.2,355.7,330.7
6018,326.2,319.7,332.7
6019,326.2,330.7,321.7
6020,349.7,339.7,359.7
6021,374.7,390.7,358.7
6022,331.2,341.7,320.7
6023,326.7,332.7,320.7
6024,344.7,329.7,359.7
6025,359.7,368.7,350.7
6026,328.2,320.7,335.7
6027,320.7,320.7,320.7
6028,320.2,319.7,320.7
6029,328.2,319.7,336.7
6030,320.2,319.7,320.7
6031,320.7,320.7,320.7
6032,337.2,328.7,345.7
6033,340.7,360.7,320.7
6034,340.2,319.7,360.7
6035,320.2,319.7,320.7
6036,329.2,331.7,326.7
6037,321.2,320.7,321.7
6038,320.7,320.7,320.7
6039,319.7,319.7,319.7
6040,320.2,319.7,320.7
6041,339.2,358.7,319.7
6042,355.2,359.7,350.7
6043,334.2,321.7,346.7
6044,340.7,338.7,342.7
6045,319.7,319.7,319.7
6046,320.2,319.7,320.7
6047,354.2,388.7,319.7
6048,346.2,330.7,361.7
6049,335.7,320.7,350.7
6050,324.7,329.7,319.7
6051,340.2,359.7,320.7
6052,320.2,319.7,320.7
6053,334.2,349.7,318.7
6054,320.2,320.7,319.7
6055,319.7,319.7,319.7
6056,360.7,320.7,400.7
6057,378.2,368.7,387.7
6058,321.7,321.7,321.7
6059,320.7,320.7,320.7
6060,332.7,344.7,320.7
6061,340.7,360.7,320.7
6062,344.7,319.7,369.7
6063,330.2,340.7,319.7
6064,342.7,355.7,329.7
6065,349.2,319.7,378.7
6066,341.2,361.7,320.7
6067,325.2,320.7,329.7
6068,330.2,340.7,319.7
6069,319.7,317.7,321.7
6070,320.2,320.7,319.7
6071,345.2,360.7,329.7
6072,319.7,319.7,319.7
6073,354.2,378.7,329.7
6074,351.2,382.7,319.7
6075,325.2,329.7,320.7
6076,360.2,380.7,339.7
6077,340.2,340.7,339.7
6078,331.2,340.7,321.7
6079,325.7,331.7,319.7
6080,325.7,330.7,320.7
6081,339.7,319.7,359.7
6082,320.2,319.7,320.7
6083,321.2,320.7,321.7
6084,319.7,319.7,319.7
6085,320.7,319.7,321.7
6086,318.7,319.7,317.7
6087,349.7,319.7,379.7
6088,329.7,339.7,319.7
6089,342.7,334.7,350.7
6090,340.2,360.7,319.7
6091,320.7,320.7,320.7
6092,359.7,349.7,369.7
6093,358.2,360.7,355.7
6094,340.2,359.7,320.7
6095,327.7,319.7,335.7
6096,336.2,350.7,321.7
6097,340.7,359.7,321.7
6098,325.7,330.7,320.7
6099,335.7,350.7,320.7
6100,330.7,321.7,339.7
6101,340.2,359.7,320.7
6102,350.7,321.7,379.7
6103,320.2,320.7,319.7
6104,319.2,318.7,319.7
6105,320.2,320.7,319.7
6106,323.7,319.7,327.7
6107,325.7,319.7,331.7
6108,352.2,344.7,359.7
6109,353.7,368.7,338.7
6110,347.2,319.7,374.7
6111,363.2,358.7,367.7
6112,320.2,320.7,319.7
6113,325.2,319.7,330.7
6114,335.7,319.7,351.7
6115,339.7,319.7,359.7
6116,325.2,329.7,320.7
6117,322.2,319.7,324.7
6118,330.2,339.7,320.7
6119,325.7,329.7,321.7
6120,320.7,320.7,320.7
6121,339.2,358.7,319.7
6122,325.7,331.7,319.7
6123,324.7,329.7,319.7
6124,344.7,320.7,368.7
6125,350.7,339.7,361.7
6126,320.2,319.7,320.7
6127,324.2,328.7,319.7
6128,351.2,361.7,340.7
6129,344.7,359.7,329.7
6130,353.2,346.7,359.7
6131,355.7,389.7,321.7
6132,329.7,340.7,318.7
6133,320.2,319.7,320.7
6134,340.7,361.7,319.7
6135,330.7,339.7,321.7
6136,334.2,348.7,319.7
6137,320.7,319.7,321.7
6138,320.7,320.7,320.7
6139,320.7,320.7,320.7
6140,325.2,319.7,330.7
6141,320.2,319.7,320.7
6142,340.2,360.7,319.7
6143,324.7,319.7,329.7
6144,325.7,330.7,320.7
6145,333.2,319.7,346.7
6146,350.2,320.7,379.7
6147,361.7,362.7,360.7
6148,320.7,319.7,321.7
6149,345.2,349.7,340.7
6150,355.2,389.7,320.7
6151,339.7,359.7,319.7
6152,320.2,320.7,319.7
6153,348.2,368.7,327.7
6154,340.7,359.7,321.7
6155,320.7,320.7,320.7
6156,335.7,320.7,350.7
6157,320.7,319.7,321.7
6158,337.2,319.7,354.7
6159,355.2,320.7,389.7
6160,340.7,320.7,360.7
6161,340.2,360.7,319.7
6162,339.2,358.7,319.7
6163,340.2,319.7,360.7
6164,342.2,321.7,362.7
6165,325.7,320.7,330.7
6166,354.2,318.7,389.7
6167,345.2,329.7,360.7
6168,320.2,320.7,319.7
6169,320.2,319.7,320.7
6170,343.2,355.7,330.7
6171,320.2,319.7,320.7
6172,320.2,319.7,320.7
6173,320.7,320.7,320.7
6174,342.7,329.7,355.7
6175,328.2,330.7,325.7
6176,320.2,320.7,319.7
6177,320.7,321.7,319.7
6178,350.2,378.7,321.7
6179,357.7,360.7,354.7
6180,319.7,319.7,319.7
6181,332.7,320.7,344.7
6182,359.7,359.7,359.7
6183,324.7,329.7,319.7
6184,345.2,359.7,330.7
6185,340.7,320.7,360.7
6186,320.2,319.7,320.7
6187,374.2,369.7,378.7
6188,329.7,319.7,339.7
6189,320.2,319.7,320.7
6190,321.7,321.7,321.7
6191,340.2,320.7,359.7
6192,341.7,321.7,361.7
6193,347.7,375.7,319.7
6194,320.7,320.7,320.7
6195,325.7,329.7,321.7
6196,323.7,328.7,318.7
6197,326.2,321.7,330.7
6198,340.2,319.7,360.7
6199,320.7,319.7,321.7
6200,345.7,319.7,371.7
6201,340.2,358.7,321.7
6202,344.2,366.7,321.7
6203,321.7,321.7,321.7
6204,335.2,348.7,321.7
6205,325.2,319.7,330.7
6206,318.2,354.7,281.7
6207,320.7,319.7,321.7
6208,319.7,319.7,319.7
6209,319.7,319.7,319.7
6210,320.2,319.7,320.7
6211,325.2,330.7,319.7
6212,320.7,320.7,320.7
6213,339.2,358.7,319.7
6214,345.2,369.7,320.7
6215,362.2,359.7,364.7
6216,340.2,320.7,359.7
6217,353.7,321.7,385.7
6218,329.2,338.7,319.7
6219,320.7,320.7,320.7
6220,324.7,329.7,319.7
6221,339.7,359.7,319.7
6222,362.2,388.7,335.7
6223,340.2,319.7,360.7
6224,325.7,330.7,320.7
6225,325.2,329.7,320.7
6226,320.7,319.7,321.7
6227,330.2,340.7,319.7
6228,339.7,358.7,320.7
6229,333.7,320.7,346.7
6230,339.2,319.7,358.7
6231,322.2,320.7,323.7
6232,325.2,320.7,329.7
6233,330.2,319.7,340.7
6234,340.2,320.7,359.7
6235,331.2,331.7,330.7
6236,321.2,320.7,321.7
6237,340.2,359.7,320.7
6238,319.7,319.7,319.7
6239,320.2,319.7,320.7
6240,325.2,319.7,330.7
6241,339.7,359.7,319.7
6242,340.2,340.7,339.7
6243,330.2,339.7,320.7
6244,340.7,320.7,360.7
6245,319.7,319.7,319.7
6246,320.7,320.7,320.7
6247,335.2,349.7,320.7
6248,352.7,361.7,343.7
6249,366.7,358.7,374.7
6250,324.7,329.7,319.7
6251,354.7,330.7,378.7
6252,345.2,360.7,329.7
6253,333.7,346.7,320.7
6254,320.2,320.7,319.7
6255,326.2,331.7,320.7
6256,340.7,320.7,360.7
6257,363.7,359.7,367.7
6258,320.2,320.7,319.7
6259,320.7,320.7,320.7
6260,339.7,359.7,319.7
6261,360.2,350.7,369.7
6262,319.7,319.7,319.7
6263,325.7,330.7,320.7
6264,325.2,330.7,319.7
6265,320.7,319.7,321.7
6266,325.7,329.7,321.7
6267,331.2,331.7,330.7
6268,375.7,359.7,391.7
6269,320.7,320.7,320.7
6270,324.7,329.7,319.7
6271,340.2,340.7,339.7
6272,343.2,320.7,365.7
6273,321.2,320.7,321.7
6274,320.2,320.7,319.7
6275,330.2,319.7,340.7
6276,341.2,361.7,320.7
6277,339.7,319.7,359.7
6278,332.7,345.7,319.7
6279,319.7,319.7,319.7
6280,325.7,319.7,331.7
6281,325.2,330.7,319.7
6282,331.2,319.7,342.7
6283,344.2,358.7,329.7
6284,339.7,320.7,358.7
6285,320.2,320.7,319.7
6286,323.2,320.7,325.7
6287,320.2,320.7,319.7
6288,354.2,379.7,328.7
6289,359.7,359.7,359.7
6290,319.2,319.7,318.7
6291,342.7,365.7,319.7
6292,360.2,399.7,320.7
6293,324.2,328.7,319.7
6294,330.2,319.7,340.7
6295,320.2,320.7,319.7
6296,340.2,319.7,360.7
6297,361.2,352.7,369.7
6298,368.2,416.7,319.7
6299,330.2,319.7,340.7
6300,324.7,320.7,328.7
6301,321.7,321.7,321.7
6302,320.2,319.7,320.7
6303,320.2,320.7,319.7
6304,320.7,320.7,320.7
6305,340.7,320.7,360.7
6306,335.7,319.7,351.7
6307,325.2,319.7,330.7
6308,321.7,321.7,321.7
6309,335.7,350.7,320.7
6310,321.2,321.7,320.7
6311,324.7,330.7,318.7
6312,325.7,320.7,330.7
6313,333.7,337.7,329.7
6314,354.7,369.7,339.7
6315,340.2,359.7,320.7
6316,345.7,360.7,330.7
6317,341.7,361.7,321.7
6318,339.7,320.7,358.7
6319,321.2,321.7,320.7
6320,340.7,360.7,320.7
6321,334.2,331.7,336.7
6322,350.2,359.7,340.7
6323,345.2,360.7,329.7
6324,339.7,359.7,319.7
6325,330.2,321.7,338.7
6326,330.2,340.7,319.7
6327,320.7,320.7,320.7
6328,346.2,331.7,360.7
6329,345.2,320.7,369.7
6330,325.2,320.7,329.7
6331,320.2,320.7,319.7
6332,343.7,330.7,356.7
6333,325.7,330.7,320.7
6334,340.7,354.7,326.7
6335,344.7,358.7,330.7
6336,340.2,320.7,359.7
6337,320.7,320.7,320.7
6338,325.2,319.7,330.7
6339,335.7,321.7,349.7
6340,340.7,360.7,320.7
6341,330.7,321.7,339.7
6342,339.7,319.7,359.7
6343,320.2,320.7,319.7
6344,359.2,338.7,379.7
6345,320.2,319.7,320.7
6346,325.2,320.7,329.7
6347,320.7,320.7,320.7
6348,325.2,330.7,319.7
6349,366.2,370.7,361.7
6350,320.7,321.7,319.7
6351,324.7,319.7,329.7
6352,328.7,319.7,337.7
6353,320.2,319.7,320.7
6354,339.7,319.7,359.7
6355,337.2,329.7,344.7
6356,320.2,320.7,319.7
6357,321.2,320.7,321.7
6358,345.2,350.7,339.7
6359,340.7,359.7,321.7
6360,320.7,319.7,321.7
6361,342.2,319.7,364.7
6362,319.7,320.7,318.7
6363,330.2,340.7,319.7
6364,328.7,326.7,330.7
6365,344.2,360.7,327.7
6366,305.7,319.7,291.7
6367,345.2,369.7,320.7
6368,346.2,371.7,320.7
6369,340.2,358.7,321.7
6370,321.7,321.7,321.7
6371,327.7,319.7,335.7
6372,345.7,320.7,370.7
6373,331.2,342.7,319.7
6374,330.7,330.7,330.7
6375,320.2,321.7,318.7
6376,329.2,321.7,336.7
6377,329.2,337.7,320.7
6378,340.7,360.7,320.7
6379,329.2,318.7,339.7
6380,320.2,319.7,320.7
6381,339.7,358.7,320.7
6382,349.2,359.7,338.7
6383,321.2,320.7,321.7
6384,326.2,331.7,320.7
6385,342.2,360.7,323.7
6386,320.7,320.7,320.7
6387,320.2,319.7,320.7
6388,340.2,358.7,321.7
6389,350.2,369.7,330.7
6390,326.2,319.7,332.7
6391,364.7,319.7,409.7
6392,369.2,348.7,389.7
6393,365.2,359.7,370.7
6394,337.7,354.7,320.7
6395,326.2,330.7,321.7
6396,329.2,320.7,337.7
6397,333.2,335.7,330.7
6398,329.7,338.7,320.7
6399,352.2,380.7,323.7
6400,321.7,321.7,321.7
6401,340.7,320.7,360.7
6402,320.7,320.7,320.7
6403,325.7,320.7,330.7
6404,319.7,319.7,319.7
6405,344.7,369.7,319.7
6406,319.7,319.7,319.7
6407,320.7,319.7,321.7
6408,335.7,349.7,321.7
6409,325.2,328.7,321.7
6410,340.7,320.7,360.7
6411,333.7,346.7,320.7
6412,340.7,360.7,320.7
6413,347.2,374.7,319.7
6414,320.2,320.7,319.7
6415,320.2,319.7,320.7
6416,339.7,321.7,357.7
6417,346.2,355.7,336.7
6418,325.2,329.7,320.7
6419,320.7,320.7,320.7
6420,339.2,358.7,319.7
6421,325.2,329.7,320.7
6422,321.2,320.7,321.7
6423,325.2,319.7,330.7
6424,325.7,329.7,321.7
6425,340.7,359.7,321.7
6426,320.7,320.7,320.7
6427,343.7,319.7,367.7
6428,320.2,319.7,320.7
6429,321.2,321.7,320.7
6430,320.7,320.7,320.7
6431,339.2,356.7,321.7
6432,370.2,369.7,370.7
6433,320.2,319.7,320.7
6434,339.7,359.7,319.7
6435,330.2,319.7,340.7
6436,326.2,330.7,321.7
6437,325.7,320.7,330.7
6438,342.2,337.7,346.7
6439,328.7,321.7,335.7
6440,329.2,360.7,297.7
6441,305.7,330.7,280.7
6442,321.7,321.7,321.7
6443,325.7,329.7,321.7
6444,324.7,330.7,318.7
6445,320.2,319.7,320.7
6446,350.2,320.7,379.7
6447,325.2,329.7,320.7
6448,340.7,361.7,319.7
6449,345.2,329.7,360.7
6450,324.7,329.7,319.7
6451,321.2,321.7,320.7
6452,325.2,329.7,320.7
6453,325.7,331.7,319.7
6454,340.2,360.7,319.7
6455,350.7,364.7,336.7
6456,325.7,330.7,320.7
6457,319.7,319.7,319.7
6458,320.2,319.7,320.7
6459,324.2,321.7,326.7
6460,320.7,320.7,320.7
6461,340.2,320.7,359.7
6462,320.7,320.7,320.7
6463,343.2,366.7,319.7
6464,341.2,361.7,320.7
6465,340.2,359.7,320.7
6466,320.7,320.7,320.7
6467,320.2,319.7,320.7
6468,344.2,328.7,359.7
6469,321.2,320.7,321.7
6470,321.2,321.7,320.7
6471,338.2,319.7,356.7
6472,340.7,359.7,321.7
6473,328.7,336.7,320.7
6474,320.7,320.7,320.7
6475,339.2,358.7,319.7
6476,355.2,390.7,319.7
6477,325.2,329.7,320.7
6478,360.2,320.7,399.7
6479,320.7,319.7,321.7
6480,340.2,320.7,359.7
6481,320.7,320.7,320.7
6482,344.7,369.7,319.7
6483,349.7,329.7,369.7
6484,320.7,320.7,320.7
6485,345.2,360.7,329.7
6486,353.7,347.7,359.7
6487,339.2,338.7,339.7
6488,327.7,321.7,333.7
6489,334.7,329.7,339.7
6490,321.2,320.7,321.7
6491,319.7,319.7,319.7
6492,366.2,371.7,360.7
6493,340.2,319.7,360.7
6494,320.7,321.7,319.7
6495,345.2,368.7,321.7
6496,349.7,320.7,378.7
6497,355.2,320.7,389.7
6498,354.7,348.7,360.7
6499,337.7,354.7,320.7
6500,330.2,338.7,321.7
6501,320.7,321.7,319.7
6502,329.7,339.7,319.7
6503,328.7,320.7,336.7
6504,332.2,344.7,319.7
6505,359.7,359.7,359.7
6506,320.2,319.7,320.7
6507,357.7,359.7,355.7
6508,341.2,360.7,321.7
6509,321.2,320.7,321.7
6510,320.2,320.7,319.7
6511,324.7,330.7,318.7
6512,341.2,352.7,329.7
6513,324.7,328.7,320.7
6514,341.7,362.7,320.7
6515,330.7,321.7,339.7
6516,319.2,318.7,319.7
6517,340.7,360.7,320.7
6518,339.7,319.7,359.7
6519,336.2,350.7,321.7
6520,335.2,348.7,321.7
6521,325.2,320.7,329.7
6522,369.7,378.7,360.7
6523,324.7,329.7,319.7
6524,319.7,318.7,320.7
6525,330.7,340.7,320.7
6526,330.2,339.7,320.7
6527,320.2,319.7,320.7
6528,320.7,320.7,320.7
6529,325.7,330.7,320.7
6530,345.2,329.7,360.7
6531,320.2,320.7,319.7
6532,349.2,377.7,320.7
6533,320.2,319.7,320.7
6534,321.2,320.7,321.7
6535,320.7,320.7,320.7
6536,330.2,339.7,320.7
6537,320.7,319.7,321.7
6538,348.2,356.7,339.7
6539,354.7,319.7,389.7
6540,341.2,320.7,361.7
6541,354.7,369.7,339.7
6542,320.7,359.7,281.7
6543,325.7,320.7,330.7
6544,340.2,319.7,360.7
6545,345.2,360.7,329.7
6546,349.7,319.7,379.7
6547,330.2,320.7,339.7
6548,320.7,320.7,320.7
6549,321.7,321.7,321.7
6550,348.7,319.7,377.7
6551,320.2,320.7,319.7
6552,301.2,320.7,281.7
6553,319.7,318.7,320.7
6554,320.7,319.7,321.7
6555,330.2,340.7,319.7
6556,329.7,329.7,329.7
6557,320.7,320.7,320.7
6558,326.2,321.7,330.7
6559,359.7,359.7,359.7
6560,321.2,321.7,320.7
6561,320.7,320.7,320.7
6562,300.7,281.7,319.7
6563,339.2,357.7,320.7
6564,339.7,359.7,319.7
6565,364.7,359.7,369.7
6566,350.7,379.7,321.7
6567,368.7,367.7,369.7
6568,355.2,359.7,350.7
6569,349.7,340.7,358.7
6570,330.2,330.7,329.7
6571,324.7,290.7,358.7
6572,324.7,329.7,319.7
6573,320.7,320.7,320.7
6574,368.2,367.7,368.7
6575,330.2,340.7,319.7
6576,320.7,320.7,320.7
6577,327.2,320.7,333.7
6578,330.2,340.7,319.7
6579,320.7,320.7,320.7
6580,340.2,359.7,320.7
6581,336.7,320.7,352.7
6582,364.7,389.7,339.7
6583,340.2,319.7,360.7
6584,325.7,330.7,320.7
6585,300.2,280.7,319.7
6586,358.7,360.7,356.7
6587,361.7,387.7,335.7
6588,347.7,359.7,335.7
6589,320.2,320.7,319.7
6590,329.2,338.7,319.7
6591,330.7,319.7,341.7
6592,344.7,320.7,368.7
6593,324.7,329.7,319.7
6594,340.7,360.7,320.7
6595,320.2,320.7,319.7
6596,336.7,352.7,320.7
6597,346.2,330.7,361.7
6598,349.2,319.7,378.7
6599,340.7,361.7,319.7
6600,330.2,329.7,330.7
6601,341.7,361.7,321.7
6602,330.7,320.7,340.7
6603,325.7,330.7,320.7
6604,341.7,331.7,351.7
6605,332.2,334.7,329.7
6606,325.7,320.7,330.7
6607,320.7,320.7,320.7
6608,320.7,320.7,320.7
6609,347.7,329.7,365.7
6610,320.2,320.7,319.7
6611,329.7,320.7,338.7
6612,319.7,320.7,318.7
6613,340.2,359.7,320.7
6614,324.7,329.7,319.7
6615,330.2,340.7,319.7
6616,340.7,360.7,320.7
6617,325.2,329.7,320.7
6618,350.7,360.7,340.7
6619,345.7,333.7,357.7
6620,356.2,329.7,382.7
6621,300.2,320.7,279.7
6622,341.2,321.7,360.7
6623,326.2,320.7,331.7
6624,345.2,360.7,329.7
6625,339.2,358.7,319.7
6626,325.2,330.7,319.7
6627,339.7,319.7,359.7
6628,319.7,319.7,319.7
6629,324.7,318.7,330.7
6630,324.7,329.7,319.7
6631,340.7,359.7,321.7
6632,325.2,330.7,319.7
6633,324.7,329.7,319.7
6634,345.2,359.7,330.7
6635,325.7,320.7,330.7
6636,335.7,351.7,319.7
6637,319.7,319.7,319.7
6638,335.2,349.7,320.7
6639,321.2,320.7,321.7
6640,324.7,319.7,329.7
6641,345.2,369.7,320.7
6642,325.2,329.7,320.7
6643,341.2,361.7,320.7
6644,371.2,359.7,382.7
6645,320.7,319.7,321.7
6646,336.7,318.7,354.7
6647,330.7,339.7,321.7
6648,335.2,330.7,339.7
6649,333.7,345.7,321.7
6650,320.2,319.7,320.7
6651,320.7,319.7,321.7
6652,320.7,321.7,319.7
6653,358.7,358.7,358.7
6654,325.7,320.7,330.7
6655,320.7,320.7,320.7
6656,344.2,330.7,357.7
6657,338.2,354.7,321.7
6658,325.7,330.7,320.7
6659,335.2,350.7,319.7
6660,325.2,330.7,319.7
6661,344.2,319.7,368.7
6662,320.2,320.7,319.7
6663,320.7,320.7,320.7
6664,326.7,321.7,331.7
6665,320.7,320.7,320.7
6666,340.2,359.7,320.7
6667,339.2,358.7,319.7
6668,325.7,330.7,320.7
6669,325.2,329.7,320.7
6670,320.2,319.7,320.7
6671,320.7,320.7,320.7
6672,325.7,330.7,320.7
6673,325.2,330.7,319.7
6674,324.2,328.7,319.7
6675,363.2,365.7,360.7
6676,320.2,319.7,320.7
6677,354.7,388.7,320.7
6678,325.7,319.7,331.7
6679,350.2,359.7,340.7
6680,349.7,359.7,339.7
6681,325.2,330.7,319.7
6682,339.2,358.7,319.7
6683,320.7,320.7,320.7
6684,331.7,332.7,330.7
6685,320.2,320.7,319.7
6686,320.2,320.7,319.7
6687,325.7,330.7,320.7
6688,325.2,320.7,329.7
6689,345.2,370.7,319.7
6690,325.2,320.7,329.7
6691,322.2,320.7,323.7
6692,362.2,320.7,403.7
6693,354.2,387.7,320.7
6694,347.2,329.7,364.7
6695,319.2,318.7,319.7
6696,319.7,320.7,318.7
6697,320.2,319.7,320.7
6698,340.7,321.7,359.7
6699,340.7,360.7,320.7
6700,331.2,321.7,340.7
6701,339.2,358.7,319.7
6702,340.7,360.7,320.7
6703,339.7,358.7,320.7
6704,344.7,329.7,359.7
6705,320.7,319.7,321.7
6706,320.7,320.7,320.7
6707,360.2,359.7,360.7
6708,320.2,320.7,319.7
6709,342.7,330.7,354.7
6710,319.7,319.7,319.7
6711,330.2,338.7,321.7
6712,349.7,320.7,378.7
6713,347.2,329.7,364.7
6714,364.7,368.7,360.7
6715,325.2,330.7,319.7
6716,338.7,321.7,355.7
6717,320.2,320.7,319.7
6718,325.2,320.7,329.7
6719,320.7,320.7,320.7
6720,339.2,318.7,359.7
6721,321.2,320.7,321.7
6722,330.7,330.7,330.7
6723,301.2,320.7,281.7
6724,334.7,328.7,340.7
6725,322.2,321.7,322.7
6726,345.2,320.7,369.7
6727,340.7,361.7,319.7
6728,330.2,340.7,319.7
6729,356.2,391.7,320.7
6730,340.7,360.7,320.7
6731,324.7,328.7,320.7
6732,331.2,341.7,320.7
6733,325.7,320.7,330.7
6734,325.7,330.7,320.7
6735,335.2,319.7,350.7
6736,329.7,329.7,329.7
6737,320.2,319.7,320.7
6738,320.2,319.7,320.7
6739,320.2,320.7,319.7
6740,369.7,369.7,369.7
6741,319.7,319.7,319.7
6742,324.7,319.7,329.7
6743,365.7,361.7,369.7
6744,320.7,320.7,320.7
6745,358.7,350.7,366.7
6746,351.7,320.7,382.7
6747,346.2,321.7,370.7
6748,326.2,321.7,330.7
6749,352.2,337.7,366.7
6750,339.7,359.7,319.7
6751,347.2,320.7,373.7
6752,320.2,319.7,320.7
6753,377.2,377.7,376.7
6754,346.2,370.7,321.7
6755,329.2,319.7,338.7
6756,350.7,361.7,339.7
6757,319.7,319.7,319.7
6758,360.7,360.7,360.7
6759,340.2,360.7,319.7
6760,364.7,409.7,319.7
6761,355.7,321.7,389.7
6762,347.7,373.7,321.7
6763,321.7,321.7,321.7
6764,320.7,320.7,320.7
6765,362.7,375.7,349.7
6766,340.2,320.7,359.7
6767,340.7,320.7,360.7
6768,326.2,332.7,319.7
6769,337.7,355.7,319.7
6770,324.2,329.7,318.7
6771,319.2,318.7,319.7
6772,324.2,329.7,318.7
6773,319.7,317.7,321.7
6774,330.7,320.7,340.7
6775,330.2,340.7,319.7
6776,334.2,348.7,319.7
6777,325.2,290.7,359.7
6778,320.2,320.7,319.7
6779,350.2,379.7,320.7
6780,355.7,360.7,350.7
6781,340.7,360.7,320.7
6782,324.2,329.7,318.7
6783,321.2,321.7,320.7
6784,320.2,319.7,320.7
6785,330.2,339.7,320.7
6786,325.7,331.7,319.7
6787,340.7,320.7,360.7
6788,339.7,359.7,319.7
6789,345.2,319.7,370.7
6790,325.2,320.7,329.7
6791,325.7,329.7,321.7
6792,340.7,319.7,361.7
6793,319.7,318.7,320.7
6794,329.7,319.7,339.7
6795,320.2,319.7,320.7
6796,345.2,330.7,359.7
6797,320.2,319.7,320.7
6798,341.2,343.7,338.7
6799,345.7,370.7,320.7
6800,356.7,353.7,359.7
6801,326.2,321.7,330.7
6802,320.7,320.7,320.7
6803,321.2,280.7,361.7
6804,321.2,320.7,321.7
6805,324.7,318.7,330.7
6806,320.7,320.7,320.7
6807,343.2,320.7,365.7
6808,334.7,348.7,320.7
6809,332.7,344.7,320.7
6810,325.2,320.7,329.7
6811,325.2,329.7,320.7
6812,329.2,339.7,318.7
6813,319.7,319.7,319.7
6814,325.2,319.7,330.7
6815,325.7,320.7,330.7
6816,350.2,379.7,320.7
6817,340.7,320.7,360.7
6818,319.2,319.7,318.7
6819,321.2,321.7,320.7
6820,342.2,363.7,320.7
6821,342.2,319.7,364.7
6822,339.7,319.7,359.7
6823,329.7,339.7,319.7
6824,327.7,333.7,321.7
6825,335.7,350.7,320.7
6826,319.7,318.7,320.7
6827,377.7,394.7,360.7
6828,330.2,339.7,320.7
6829,320.7,321.7,319.7
6830,335.7,350.7,320.7
6831,324.7,329.7,319.7
6832,345.7,369.7,321.7
6833,319.7,319.7,319.7
6834,340.2,359.7,320.7
6835,345.2,319.7,370.7
6836,319.7,319.7,319.7
6837,321.2,321.7,320.7
6838,329.7,339.7,319.7
6839,319.7,319.7,319.7
6840,335.7,350.7,320.7
6841,346.7,330.7,362.7
6842,340.2,320.7,359.7
6843,321.2,321.7,320.7
6844,344.2,358.7,329.7
6845,332.2,319.7,344.7
6846,321.7,321.7,321.7
6847,355.2,380.7,329.7
6848,330.7,340.7,320.7
6849,319.7,320.7,318.7
6850,345.2,320.7,369.7
6851,344.7,319.7,369.7
6852,369.7,368.7,370.7
6853,320.2,320.7,319.7
6854,370.2,379.7,360.7
6855,320.2,319.7,320.7
6856,320.7,321.7,319.7
6857,350.7,360.7,340.7
6858,321.2,320.7,321.7
6859,339.7,359.7,319.7
6860,345.7,358.7,332.7
6861,321.7,321.7,321.7
6862,320.7,320.7,320.7
6863,339.7,319.7,359.7
6864,350.7,380.7,320.7
6865,364.7,359.7,369.7
6866,355.2,359.7,350.7
6867,334.7,349.7,319.7
6868,340.2,349.7,330.7
6869,379.2,358.7,399.7
6870,358.7,359.7,357.7
6871,320.7,320.7,320.7
6872,324.7,319.7,329.7
6873,328.2,319.7,336.7
6874,364.7,369.7,359.7
6875,324.7,328.7,320.7
6876,334.7,338.7,330.7
6877,329.7,329.7,329.7
6878,321.2,320.7,321.7
6879,320.7,320.7,320.7
6880,357.7,394.7,320.7
6881,333.7,345.7,321.7
6882,358.7,360.7,356.7
6883,341.7,361.7,321.7
6884,346.2,330.7,361.7
6885,320.7,320.7,320.7
6886,356.7,319.7,393.7
6887,344.2,358.7,329.7
6888,320.7,321.7,319.7
6889,321.2,320.7,321.7
6890,337.7,356.7,318.7
6891,344.7,359.7,329.7
6892,320.2,319.7,320.7
6893,329.2,319.7,338.7
6894,319.2,317.7,320.7
6895,340.2,319.7,360.7
6896,345.7,369.7,321.7
6897,325.2,329.7,320.7
6898,320.2,320.7,319.7
6899,341.2,360.7,321.7
6900,320.2,320.7,319.7
6901,319.7,319.7,319.7
6902,325.2,329.7,320.7
6903,340.2,359.7,320.7
6904,336.2,320.7,351.7
6905,320.7,319.7,321.7
6906,330.2,329.7,330.7
6907,303.2,320.7,285.7
6908,365.2,320.7,409.7
6909,320.7,320.7,320.7
6910,325.2,329.7,320.7
6911,347.7,358.7,336.7
6912,320.7,319.7,321.7
6913,339.7,319.7,359.7
6914,319.7,320.7,318.7
6915,330.7,319.7,341.7
6916,329.2,319.7,338.7
6917,320.2,319.7,320.7
6918,321.2,321.7,320.7
6919,320.7,319.7,321.7
6920,306.2,320.7,291.7
6921,344.7,369.7,319.7
6922,320.7,320.7,320.7
6923,324.7,319.7,329.7
6924,340.7,359.7,321.7
6925,345.7,360.7,330.7
6926,325.2,320.7,329.7
6927,320.2,318.7,321.7
6928,331.7,343.7,319.7
6929,341.2,330.7,351.7
6930,320.7,321.7,319.7
6931,349.2,339.7,358.7
6932,345.7,371.7,319.7
6933,325.2,329.7,320.7
6934,341.2,320.7,361.7
6935,385.2,399.7,370.7
6936,324.7,329.7,319.7
6937,364.7,359.7,369.7
6938,344.7,359.7,329.7
6939,330.7,340.7,320.7
6940,331.2,341.7,320.7
6941,325.7,320.7,330.7
6942,320.7,320.7,320.7
6943,321.2,321.7,320.7
6944,320.7,320.7,320.7
6945,339.7,320.7,358.7
6946,340.7,359.7,321.7
6947,320.2,320.7,319.7
6948,320.2,319.7,320.7
6949,344.7,331.7,357.7
6950,321.2,320.7,321.7
6951,325.2,320.7,329.7
6952,325.2,320.7,329.7
6953,329.2,338.7,319.7
6954,334.7,339.7,329.7
6955,336.2,350.7,321.7
6956,325.7,329.7,321.7
6957,340.2,359.7,320.7
6958,359.7,359.7,359.7
6959,345.7,370.7,320.7
6960,299.7,279.7,319.7
6961,324.7,328.7,320.7
6962,326.7,320.7,332.7
6963,320.2,320.7,319.7
6964,319.7,319.7,319.7
6965,350.2,341.7,358.7
6966,340.2,359.7,320.7
6967,320.2,319.7,320.7
6968,350.2,340.7,359.7
6969,344.7,359.7,329.7
6970,346.2,360.7,331.7
6971,328.2,320.7,335.7
6972,320.2,319.7,320.7
6973,325.2,320.7,329.7
6974,340.7,360.7,320.7
6975,345.2,360.7,329.7
6976,329.7,319.7,339.7
6977,349.7,358.7,340.7
6978,320.7,319.7,321.7
6979,321.2,321.7,320.7
6980,320.2,320.7,319.7
6981,320.2,320.7,319.7
6982,349.7,358.7,340.7
6983,350.2,379.7,320.7
6984,339.2,358.7,319.7
6985,323.2,320.7,325.7
6986,339.7,319.7,359.7
6987,340.7,360.7,320.7
6988,321.7,321.7,321.7
6989,368.2,339.7,396.7
6990,337.7,339.7,335.7
6991,344.7,368.7,320.7
6992,339.7,358.7,320.7
6993,330.7,320.7,340.7
6994,318.7,318.7,318.7
6995,339.7,320.7,358.7
6996,320.2,319.7,320.7
6997,339.7,359.7,319.7
6998,320.7,320.7,320.7
6999,320.7,320.7,320.7
7000,343.7,367.7,319.7
7001,320.7,319.7,321.7
7002,340.2,359.7,320.7
7003,349.2,359.7,338.7
7004,321.2,321.7,320.7
7005,320.2,319.7,320.7
7006,339.7,319.7,359.7
7007,322.7,319.7,325.7
7008,320.2,319.7,320.7
7009,325.2,318.7,331.7
7010,346.7,359.7,333.7
7011,324.7,319.7,329.7
7012,320.7,320.7,320.7
7013,347.7,365.7,329.7
7014,320.2,319.7,320.7
7015,324.2,319.7,328.7
7016,338.7,319.7,357.7
7017,344.7,320.7,368.7
7018,320.2,319.7,320.7
7019,330.2,320.7,339.7
7020,325.7,331.7,319.7
7021,348.2,377.7,318.7
7022,335.7,330.7,340.7
7023,345.2,370.7,319.7
7024,338.7,320.7,356.7
7025,321.2,320.7,321.7
7026,320.7,321.7,319.7
7027,324.2,319.7,328.7
7028,325.2,290.7,359.7
7029,320.7,320.7,320.7
7030,349.7,379.7,319.7
7031,339.2,358.7,319.7
7032,369.7,361.7,377.7
7033,356.2,393.7,318.7
7034,341.2,320.7,361.7
7035,321.2,320.7,321.7
7036,337.2,320.7,353.7
7037,348.7,336.7,360.7
7038,325.7,329.7,321.7
7039,320.7,321.7,319.7
7040,340.7,360.7,320.7
7041,325.7,320.7,330.7
7042,343.7,357.7,329.7
7043,358.2,350.7,365.7
7044,348.7,376.7,320.7
7045,349.2,358.7,339.7
7046,330.7,320.7,340.7
7047,341.2,321.7,360.7
7048,319.2,319.7,318.7
7049,360.2,390.7,329.7
7050,318.7,318.7,318.7
7051,330.2,339.7,320.7
7052,344.2,348.7,339.7
7053,330.2,330.7,329.7
7054,326.2,331.7,320.7
7055,360.2,360.7,359.7
7056,340.2,320.7,359.7
7057,340.2,340.7,339.7
7058,332.2,319.7,344.7
7059,360.7,360.7,360.7
7060,340.7,320.7,360.7
7061,319.7,319.7,319.7
7062,320.2,320.7,319.7
7063,325.2,330.7,319.7
7064,344.7,369.7,319.7
7065,325.2,331.7,318.7
7066,341.7,361.7,321.7
7067,320.7,321.7,319.7
7068,319.2,318.7,319.7
7069,321.2,321.7,320.7
7070,320.7,320.7,320.7
7071,349.7,368.7,330.7
7072,350.7,329.7,371.7
7073,321.2,321.7,320.7
7074,362.2,362.7,361.7
7075,326.2,320.7,331.7
7076,342.7,335.7,349.7
7077,343.7,327.7,359.7
7078,340.2,359.7,320.7
7079,325.2,319.7,330.7
7080,355.2,389.7,320.7
7081,322.7,320.7,324.7
7082,320.7,320.7,320.7
7083,329.7,340.7,318.7
7084,350.2,359.7,340.7
7085,338.7,320.7,356.7
7086,350.2,338.7,361.7
7087,335.2,348.7,321.7
7088,339.2,358.7,319.7
7089,321.2,320.7,321.7
7090,320.2,320.7,319.7
7091,320.7,320.7,320.7
7092,332.2,320.7,343.7
7093,320.2,319.7,320.7
7094,361.2,367.7,354.7
7095,319.2,319.7,318.7
7096,342.7,329.7,355.7
7097,324.7,319.7,329.7
7098,358.2,319.7,396.7
7099,330.7,330.7,330.7
7100,337.2,355.7,318.7
7101,335.2,339.7,330.7
7102,345.2,369.7,320.7
7103,320.7,319.7,321.7
7104,320.2,320.7,319.7
7105,331.7,320.7,342.7
7106,338.2,354.7,321.7
7107,320.7,320.7,320.7
7108,319.7,318.7,320.7
7109,340.2,319.7,360.7
7110,350.2,360.7,339.7
7111,334.7,329.7,339.7
7112,344.7,368.7,320.7
7113,339.2,320.7,357.7
7114,320.2,320.7,319.7
7115,350.2,320.7,379.7
7116,344.2,358.7,329.7
7117,341.7,362.7,320.7
7118,344.7,369.7,319.7
7119,345.2,358.7,331.7
7120,320.2,320.7,319.7
7121,340.2,340.7,339.7
7122,344.7,329.7,359.7
7123,349.7,340.7,358.7
7124,334.7,332.7,336.7
7125,344.2,368.7,319.7
7126,327.2,319.7,334.7
7127,324.7,329.7,319.7
7128,320.2,319.7,320.7
7129,331.2,321.7,340.7
7130,321.2,321.7,320.7
7131,329.2,339.7,318.7
7132,325.7,330.7,320.7
7133,319.2,319.7,318.7
7134,349.7,378.7,320.7
7135,335.2,330.7,339.7
7136,340.7,360.7,320.7
7137,373.2,368.7,377.7
7138,358.2,345.7,370.7
7139,343.7,329.7,357.7
7140,340.2,320.7,359.7
7141,349.2,377.7,320.7
7142,333.7,320.7,346.7
7143,320.2,320.7,319.7
7144,321.2,320.7,321.7
7145,341.7,320.7,362.7
7146,345.7,371.7,319.7
7147,335.2,340.7,329.7
7148,321.2,321.7,320.7
7149,320.2,319.7,320.7
7150,331.7,342.7,320.7
7151,331.7,319.7,343.7
7152,339.7,359.7,319.7
7153,320.7,320.7,320.7
7154,346.2,336.7,355.7
7155,349.7,339.7,359.7
7156,324.2,319.7,328.7
7157,320.7,319.7,321.7
7158,334.7,349.7,319.7
7159,320.7,320.7,320.7
7160,321.2,320.7,321.7
7161,320.2,320.7,319.7
7162,325.2,330.7,319.7
7163,319.2,318.7,319.7
7164,320.2,319.7,320.7
7165,320.7,320.7,320.7
7166,320.2,321.7,318.7
7167,342.7,319.7,365.7
7168,320.2,319.7,320.7
7169,320.2,319.7,320.7
7170,361.2,401.7,320.7
7171,301.2,281.7,320.7
7172,346.2,330.7,361.7
7173,350.2,379.7,320.7
7174,320.2,320.7,319.7
7175,341.2,361.7,320.7
7176,344.2,368.7,319.7
7177,320.7,320.7,320.7
7178,320.7,320.7,320.7
7179,324.7,319.7,329.7
7180,320.7,320.7,320.7
7181,325.7,321.7,329.7
7182,299.7,319.7,279.7
7183,335.7,331.7,339.7
7184,339.2,319.7,358.7
7185,322.7,321.7,323.7
7186,340.2,359.7,320.7
7187,320.7,319.7,321.7
7188,320.7,320.7,320.7
7189,334.7,319.7,349.7
7190,364.7,388.7,340.7
7191,354.7,388.7,320.7
7192,350.7,330.7,370.7
7193,329.2,336.7,321.7
7194,320.7,320.7,320.7
7195,320.2,320.7,319.7
7196,320.2,320.7,319.7
7197,340.7,320.7,360.7
7198,325.2,280.7,369.7
7199,349.7,320.7,378.7
7200,321.7,321.7,321.7
7201,320.2,319.7,320.7
7202,344.7,320.7,368.7
7203,349.2,378.7,319.7
7204,325.2,320.7,329.7
7205,370.2,339.7,400.7
7206,330.7,340.7,320.7
7207,325.2,319.7,330.7
7208,319.2,318.7,319.7
7209,358.2,360.7,355.7
7210,320.2,320.7,319.7
7211,320.7,320.7,320.7
7212,330.2,319.7,340.7
7213,339.7,320.7,358.7
7214,320.7,321.7,319.7
7215,321.2,320.7,321.7
7216,319.7,319.7,319.7
7217,324.7,319.7,329.7
7218,379.2,369.7,388.7
7219,330.2,340.7,319.7
7220,335.7,349.7,321.7
7221,320.2,319.7,320.7
7222,335.2,320.7,349.7
7223,320.7,320.7,320.7
7224,321.2,320.7,321.7
7225,319.7,319.7,319.7
7226,351.7,330.7,372.7
7227,300.2,319.7,280.7
7228,340.2,359.7,320.7
7229,341.2,361.7,320.7
7230,326.2,320.7,331.7
7231,340.7,359.7,321.7
7232,345.2,369.7,320.7
7233,330.7,340.7,320.7
7234,320.2,320.7,319.7
7235,335.2,350.7,319.7
7236,344.7,329.7,359.7
7237,355.7,340.7,370.7
7238,320.7,320.7,320.7
7239,320.7,320.7,320.7
7240,349.2,359.7,338.7
7241,340.7,319.7,361.7
7242,334.7,349.7,319.7
7243,344.2,320.7,367.7
7244,347.2,353.7,340.7
7245,325.7,321.7,329.7
7246,330.2,330.7,329.7
7247,333.2,319.7,346.7
7248,345.2,330.7,359.7
7249,360.2,359.7,360.7
7250,366.7,360.7,372.7
7251,342.2,364.7,319.7
7252,320.7,319.7,321.7
7253,366.2,412.7,319.7
7254,329.7,340.7,318.7
7255,359.2,367.7,350.7
7256,355.2,389.7,320.7
7257,335.2,329.7,340.7
7258,340.2,358.7,321.7
7259,322.2,319.7,324.7
7260,344.7,320.7,368.7
7261,321.2,320.7,321.7
7262,325.7,321.7,329.7
7263,321.2,320.7,321.7
7264,320.7,320.7,320.7
7265,321.2,320.7,321.7
7266,320.2,319.7,320.7
7267,325.7,320.7,330.7
7268,343.2,320.7,365.7
7269,326.2,332.7,319.7
7270,320.2,320.7,319.7
7271,325.2,320.7,329.7
7272,320.2,320.7,319.7
7273,320.2,320.7,319.7
7274,341.2,321.7,360.7
7275,348.2,336.7,359.7
7276,340.7,359.7,321.7
7277,325.7,320.7,330.7
7278,319.7,319.7,319.7
7279,326.2,330.7,321.7
7280,345.2,369.7,320.7
7281,320.7,321.7,319.7
7282,346.2,359.7,332.7
7283,350.2,379.7,320.7
7284,320.2,319.7,320.7
7285,320.7,320.7,320.7
7286,344.7,320.7,368.7
7287,325.7,329.7,321.7
7288,321.2,320.7,321.7
7289,339.7,358.7,320.7
7290,320.2,320.7,319.7
7291,340.2,320.7,359.7
7292,339.7,359.7,319.7
7293,320.2,320.7,319.7
7294,324.7,329.7,319.7
7295,320.2,320.7,319.7
7296,320.7,320.7,320.7
7297,320.7,320.7,320.7
7298,325.7,330.7,320.7
7299,331.2,332.7,329.7
7300,320.7,320.7,320.7
7301,313.2,319.7,306.7
7302,339.7,359.7,319.7
7303,321.2,321.7,320.7
7304,339.7,359.7,319.7
7305,338.2,321.7,354.7
7306,325.2,329.7,320.7
7307,355.2,369.7,340.7
7308,374.2,428.7,319.7
7309,329.2,339.7,318.7
7310,325.2,320.7,329.7
7311,320.2,319.7,320.7
7312,320.7,319.7,321.7
7313,319.7,319.7,319.7
7314,320.2,320.7,319.7
7315,350.7,320.7,380.7
7316,319.7,318.7,320.7
7317,335.7,329.7,341.7
7318,329.2,318.7,339.7
7319,319.7,318.7,320.7
7320,320.7,320.7,320.7
7321,305.7,330.7,280.7
7322,319.7,319.7,319.7
7323,320.2,319.7,320.7
7324,323.7,320.7,326.7
7325,324.7,328.7,320.7
7326,320.2,320.7,319.7
7327,320.2,320.7,319.7
7328,321.7,321.7,321.7
7329,320.2,319.7,320.7
7330,325.7,330.7,320.7
7331,359.2,359.7,358.7
7332,321.2,321.7,320.7
7333,339.7,360.7,318.7
7334,347.7,370.7,324.7
7335,349.7,379.7,319.7
7336,335.2,330.7,339.7
7337,320.7,319.7,321.7
7338,340.2,319.7,360.7
7339,349.7,320.7,378.7
7340,316.7,320.7,312.7
7341,345.7,321.7,369.7
7342,345.2,320.7,369.7
7343,347.7,359.7,335.7
7344,326.2,320.7,331.7
7345,321.2,361.7,280.7
7346,340.2,339.7,340.7
7347,335.2,349.7,320.7
7348,319.7,319.7,319.7
7349,372.7,355.7,389.7
7350,365.2,369.7,360.7
7351,319.2,318.7,319.7
7352,325.7,330.7,320.7
7353,375.2,378.7,371.7
7354,322.7,319.7,325.7
7355,340.2,358.7,321.7
7356,327.2,329.7,324.7
7357,364.7,359.7,369.7
7358,319.7,319.7,319.7
7359,327.7,321.7,333.7
7360,325.2,330.7,319.7
7361,320.2,319.7,320.7
7362,319.2,318.7,319.7
7363,339.7,320.7,358.7
7364,321.2,320.7,321.7
7365,328.7,320.7,336.7
7366,335.2,329.7,340.7
7367,344.7,359.7,329.7
7368,320.2,319.7,320.7
7369,319.7,320.7,318.7
7370,339.7,358.7,320.7
7371,326.2,332.7,319.7
7372,319.7,319.7,319.7
7373,320.7,320.7,320.7
7374,340.7,320.7,360.7
7375,320.7,320.7,320.7
7376,325.2,319.7,330.7
7377,340.2,339.7,340.7
7378,352.7,354.7,350.7
7379,355.2,388.7,321.7
7380,325.7,330.7,320.7
7381,319.2,318.7,319.7
7382,323.2,319.7,326.7
7383,339.2,358.7,319.7
7384,348.7,319.7,377.7
7385,340.7,360.7,320.7
7386,325.7,321.7,329.7
7387,330.7,320.7,340.7
7388,354.7,320.7,388.7
7389,340.2,359.7,320.7
7390,332.7,335.7,329.7
7391,339.2,358.7,319.7
7392,320.2,319.7,320.7
7393,325.7,330.7,320.7
7394,346.7,359.7,333.7
7395,320.7,321.7,319.7
7396,325.7,329.7,321.7
7397,320.7,320.7,320.7
7398,321.2,321.7,320.7
7399,320.7,319.7,321.7
7400,360.2,330.7,389.7
7401,342.2,320.7,363.7
7402,330.2,320.7,339.7
7403,333.7,319.7,347.7
7404,348.2,359.7,336.7
7405,341.2,320.7,361.7
7406,325.7,321.7,329.7
7407,371.7,383.7,359.7
7408,340.7,360.7,320.7
7409,349.7,329.7,369.7
7410,349.7,369.7,329.7
7411,356.2,390.7,321.7
7412,336.2,351.7,320.7
7413,333.7,320.7,346.7
7414,319.7,320.7,318.7
7415,365.2,369.7,360.7
7416,339.2,319.7,358.7
7417,326.7,331.7,321.7
7418,349.7,369.7,329.7
7419,334.7,319.7,349.7
7420,319.2,319.7,318.7
7421,320.2,319.7,320.7
7422,344.7,329.7,359.7
7423,340.7,359.7,321.7
7424,340.2,359.7,320.7
7425,325.7,320.7,330.7
7426,364.7,358.7,370.7
7427,320.7,319.7,321.7
7428,340.7,360.7,320.7
7429,340.2,319.7,360.7
7430,379.2,375.7,382.7
7431,355.2,369.7,340.7
7432,358.7,397.7,319.7
7433,359.7,340.7,378.7
7434,320.7,320.7,320.7
7435,345.7,319.7,371.7
7436,329.2,319.7,338.7
7437,320.7,320.7,320.7
7438,325.7,321.7,329.7
7439,351.7,350.7,352.7
7440,330.7,340.7,320.7
7441,326.2,320.7,331.7
7442,320.7,320.7,320.7
7443,325.7,330.7,320.7
7444,354.7,358.7,350.7
7445,338.7,356.7,320.7
7446,320.2,319.7,320.7
7447,325.7,318.7,332.7
7448,320.2,319.7,320.7
7449,321.2,320.7,321.7
7450,320.7,320.7,320.7
7451,351.2,341.7,360.7
7452,320.2,320.7,319.7
7453,320.7,320.7,320.7
7454,321.2,321.7,320.7
7455,340.7,360.7,320.7
7456,344.7,319.7,369.7
7457,350.2,339.7,360.7
7458,320.2,320.7,319.7
7459,321.2,321.7,320.7
7460,319.2,318.7,319.7
7461,325.7,319.7,331.7
7462,321.2,321.7,320.7
7463,321.2,320.7,321.7
7464,326.2,321.7,330.7
7465,320.7,320.7,320.7
7466,345.2,369.7,320.7
7467,320.7,319.7,321.7
7468,320.7,321.7,319.7
7469,336.7,343.7,329.7
7470,363.7,370.7,356.7
7471,339.7,319.7,359.7
7472,350.7,341.7,359.7
7473,320.2,319.7,320.7
7474,332.2,328.7,335.7
7475,326.2,321.7,330.7
7476,320.7,320.7,320.7
7477,340.2,359.7,320.7
7478,325.7,320.7,330.7
7479,325.7,320.7,330.7
7480,334.7,349.7,319.7
7481,360.2,360.7,359.7
7482,319.7,319.7,319.7
7483,342.7,344.7,340.7
7484,329.2,328.7,329.7
7485,341.2,361.7,320.7
7486,330.7,329.7,331.7
7487,325.2,329.7,320.7
7488,341.2,341.7,340.7
7489,326.2,320.7,331.7
7490,335.2,330.7,339.7
7491,323.7,319.7,327.7
7492,325.2,329.7,320.7
7493,335.7,341.7,329.7
7494,337.2,321.7,352.7
7495,345.2,369.7,320.7
7496,330.2,339.7,320.7
7497,333.2,332.7,333.7
7498,345.2,369.7,320.7
7499,339.7,319.7,359.7
7500,320.2,319.7,320.7
7501,349.7,377.7,321.7
7502,321.2,321.7,320.7
7503,346.2,370.7,321.7
7504,321.2,320.7,321.7
7505,354.2,387.7,320.7
7506,345.2,329.7,360.7
7507,345.2,360.7,329.7
7508,320.2,320.7,319.7
7509,352.7,374.7,330.7
7510,325.7,330.7,320.7
7511,321.2,321.7,320.7
7512,340.2,320.7,359.7
7513,325.7,320.7,330.7
7514,330.2,318.7,341.7
7515,325.7,330.7,320.7
7516,320.2,319.7,320.7
7517,320.2,319.7,320.7
7518,348.7,319.7,377.7
7519,340.7,320.7,360.7
7520,320.7,320.7,320.7
7521,325.7,330.7,320.7
7522,319.7,319.7,319.7
7523,319.7,320.7,318.7
7524,320.7,320.7,320.7
7525,320.7,320.7,320.7
7526,332.2,320.7,343.7
7527,330.2,329.7,330.7
7528,345.7,370.7,320.7
7529,338.2,346.7,329.7
7530,324.2,328.7,319.7
7531,319.7,319.7,319.7
7532,340.7,360.7,320.7
7533,349.7,379.7,319.7
7534,343.2,319.7,366.7
7535,324.7,329.7,319.7
7536,330.7,321.7,339.7
7537,324.7,318.7,330.7
7538,340.2,359.7,320.7
7539,320.2,320.7,319.7
7540,363.2,361.7,364.7
7541,340.2,359.7,320.7
7542,339.7,359.7,319.7
7543,324.7,320.7,328.7
7544,321.2,320.7,321.7
7545,335.7,320.7,350.7
7546,336.2,350.7,321.7
7547,348.7,378.7,318.7
7548,320.7,320.7,320.7
7549,364.7,359.7,369.7
7550,349.2,319.7,378.7
7551,330.7,330.7,330.7
7552,325.7,330.7,320.7
7553,319.7,319.7,319.7
7554,363.2,369.7,356.7
7555,326.2,331.7,320.7
7556,329.7,338.7,320.7
7557,340.2,320.7,359.7
7558,354.2,349.7,358.7
7559,339.2,358.7,319.7
7560,320.7,320.7,320.7
7561,339.7,319.7,359.7
7562,329.7,339.7,319.7
7563,344.2,319.7,368.7
7564,338.7,320.7,356.7
7565,324.7,329.7,319.7
7566,325.7,331.7,319.7
7567,345.2,368.7,321.7
7568,300.2,318.7,281.7
7569,329.7,338.7,320.7
7570,320.7,321.7,319.7
7571,345.2,369.7,320.7
7572,339.7,359.7,319.7
7573,324.7,329.7,319.7
7574,330.7,341.7,319.7
7575,319.2,318.7,319.7
7576,320.7,321.7,319.7
7577,320.2,320.7,319.7
7578,359.7,358.7,360.7
7579,320.7,320.7,320.7
7580,319.7,318.7,320.7
7581,332.2,344.7,319.7
7582,320.2,319.7,320.7
7583,336.2,331.7,340.7
7584,320.7,320.7,320.7
7585,349.7,319.7,379.7
7586,340.7,320.7,360.7
7587,320.7,320.7,320.7
7588,324.7,328.7,320.7
7589,320.7,320.7,320.7
7590,325.2,320.7,329.7
7591,359.7,388.7,330.7
7592,366.7,360.7,372.7
7593,325.7,330.7,320.7
7594,357.2,368.7,345.7
7595,330.2,329.7,330.7
7596,348.2,320.7,375.7
7597,320.2,320.7,319.7
7598,325.7,330.7,320.7
7599,320.7,319.7,321.7
7600,319.7,318.7,320.7
7601,329.2,337.7,320.7
7602,321.2,320.7,321.7
7603,320.2,319.7,320.7
7604,320.2,319.7,320.7
7605,319.7,318.7,320.7
7606,330.7,340.7,320.7
7607,330.2,339.7,320.7
7608,320.2,319.7,320.7
7609,330.7,318.7,342.7
7610,320.7,321.7,319.7
7611,340.7,360.7,320.7
7612,320.7,320.7,320.7
7613,340.7,320.7,360.7
7614,340.7,321.7,359.7
7615,359.7,359.7,359.7
7616,336.2,321.7,350.7
7617,320.2,319.7,320.7
7618,320.7,320.7,320.7
7619,320.7,320.7,320.7
7620,320.7,320.7,320.7
7621,340.7,320.7,360.7
7622,320.2,320.7,319.7
7623,320.7,320.7,320.7
7624,325.2,319.7,330.7
7625,329.7,337.7,321.7
7626,320.7,320.7,320.7
7627,332.2,320.7,343.7
7628,320.2,320.7,319.7
7629,340.2,359.7,320.7
7630,319.7,319.7,319.7
7631,345.7,332.7,358.7
7632,370.2,369.7,370.7
7633,319.7,320.7,318.7
7634,334.7,320.7,348.7
7635,320.7,320.7,320.7
7636,325.2,330.7,319.7
7637,337.7,320.7,354.7
7638,332.7,343.7,321.7
7639,320.7,320.7,320.7
7640,320.2,319.7,320.7
7641,320.7,320.7,320.7
7642,345.2,330.7,359.7
7643,339.7,359.7,319.7
7644,328.7,329.7,327.7
7645,339.7,359.7,319.7
7646,339.7,319.7,359.7
7647,340.2,320.7,359.7
7648,351.2,371.7,330.7
7649,353.7,378.7,328.7
7650,351.2,318.7,383.7
7651,340.7,360.7,320.7
7652,319.2,318.7,319.7
7653,324.7,319.7,329.7
7654,325.7,320.7,330.7
7655,319.7,319.7,319.7
7656,339.2,319.7,358.7
7657,321.7,321.7,321.7
7658,320.7,320.7,320.7
7659,325.2,319.7,330.7
7660,320.2,320.7,319.7
7661,325.2,320.7,329.7
7662,345.2,330.7,359.7
7663,334.7,339.7,329.7
7664,340.2,320.7,359.7
7665,325.2,319.7,330.7
7666,322.2,319.7,324.7
7667,340.2,350.7,329.7
7668,321.2,320.7,321.7
7669,325.7,330.7,320.7
7670,330.2,319.7,340.7
7671,344.2,354.7,333.7
7672,320.7,320.7,320.7
7673,321.2,320.7,321.7
7674,361.2,360.7,361.7
7675,320.7,320.7,320.7
7676,325.2,329.7,320.7
7677,332.2,320.7,343.7
7678,344.7,319.7,369.7
7679,320.7,320.7,320.7
7680,359.2,358.7,359.7
7681,360.7,359.7,361.7
7682,320.2,320.7,319.7
7683,320.2,320.7,319.7
7684,339.7,319.7,359.7
7685,320.7,319.7,321.7
7686,324.7,329.7,319.7
7687,320.7,319.7,321.7
7688,321.2,320.7,321.7
7689,327.2,320.7,333.7
7690,320.7,319.7,321.7
7691,330.7,330.7,330.7
7692,336.2,352.7,319.7
7693,339.2,356.7,321.7
7694,332.2,333.7,330.7
7695,319.2,318.7,319.7
7696,331.2,320.7,341.7
7697,320.2,320.7,319.7
7698,340.2,320.7,359.7
7699,330.7,321.7,339.7
7700,340.2,360.7,319.7
7701,330.7,339.7,321.7
7702,326.7,321.7,331.7
7703,360.2,360.7,359.7
7704,340.2,320.7,359.7
7705,330.7,329.7,331.7
7706,321.2,321.7,320.7
7707,320.2,320.7,319.7
7708,324.7,330.7,318.7
7709,319.7,318.7,320.7
7710,339.2,319.7,358.7
7711,349.7,319.7,379.7
7712,352.7,359.7,345.7
7713,321.7,321.7,321.7
7714,350.7,381.7,319.7
7715,325.2,330.7,319.7
7716,325.2,329.7,320.7
7717,321.2,320.7,321.7
7718,320.2,320.7,319.7
7719,345.7,370.7,320.7
7720,325.7,330.7,320.7
7721,319.7,319.7,319.7
7722,321.2,320.7,321.7
7723,320.2,318.7,321.7
7724,300.2,320.7,279.7
7725,346.7,339.7,353.7
7726,353.2,340.7,365.7
7727,339.2,357.7,320.7
7728,327.2,334.7,319.7
7729,360.7,400.7,320.7
7730,325.2,329.7,320.7
7731,320.7,320.7,320.7
7732,320.2,319.7,320.7
7733,320.7,319.7,321.7
7734,320.7,320.7,320.7
7735,345.7,370.7,320.7
7736,340.2,360.7,319.7
7737,319.7,319.7,319.7
7738,340.7,359.7,321.7
7739,360.2,319.7,400.7
7740,330.7,320.7,340.7
7741,339.2,319.7,358.7
7742,325.7,330.7,320.7
7743,340.2,320.7,359.7
7744,343.2,330.7,355.7
7745,338.7,356.7,320.7
7746,320.2,319.7,320.7
7747,340.2,319.7,360.7
7748,344.7,319.7,369.7
7749,330.7,320.7,340.7
7750,341.7,361.7,321.7
7751,340.7,360.7,320.7
7752,351.2,380.7,321.7
7753,345.2,329.7,360.7
7754,328.2,334.7,321.7
7755,320.7,320.7,320.7
7756,385.2,411.7,358.7
7757,339.7,321.7,357.7
7758,319.7,319.7,319.7
7759,333.2,335.7,330.7
7760,324.2,319.7,328.7
7761,359.7,354.7,364.7
7762,340.2,359.7,320.7
7763,320.7,319.7,321.7
7764,325.7,320.7,330.7
7765,320.2,320.7,319.7
7766,325.7,319.7,331.7
7767,320.2,320.7,319.7
7768,349.2,367.7,330.7
7769,321.7,321.7,321.7
7770,334.7,339.7,329.7
7771,350.2,340.7,359.7
7772,320.7,320.7,320.7
7773,320.2,320.7,319.7
7774,325.2,331.7,318.7
7775,326.2,321.7,330.7
7776,356.7,360.7,352.7
7777,364.2,358.7,369.7
7778,340.7,320.7,360.7
7779,325.2,329.7,320.7
7780,326.2,320.7,331.7
7781,319.2,319.7,318.7
7782,340.7,360.7,320.7
7783,339.7,320.7,358.7
7784,325.7,320.7,330.7
7785,325.2,329.7,320.7
7786,355.2,359.7,350.7
7787,320.7,320.7,320.7
7788,347.2,320.7,373.7
7789,319.7,319.7,319.7
7790,320.2,320.7,319.7
7791,339.7,359.7,319.7
7792,346.2,361.7,330.7
7793,318.7,318.7,318.7
7794,354.2,368.7,339.7
7795,329.7,329.7,329.7
7796,364.7,320.7,408.7
7797,319.7,319.7,319.7
7798,320.2,319.7,320.7
7799,320.7,320.7,320.7
7800,321.2,320.7,321.7
7801,340.2,360.7,319.7
7802,325.7,321.7,329.7
7803,325.7,330.7,320.7
7804,324.7,319.7,329.7
7805,320.7,321.7,319.7
7806,319.7,319.7,319.7
7807,325.7,320.7,330.7
7808,320.7,320.7,320.7
7809,320.7,320.7,320.7
7810,334.2,347.7,320.7
7811,330.2,321.7,338.7
7812,340.2,320.7,359.7
7813,321.2,320.7,321.7
7814,358.7,360.7,356.7
7815,344.7,329.7,359.7
7816,359.2,358.7,359.7
7817,339.7,319.7,359.7
7818,325.2,329.7,320.7
7819,349.7,329.7,369.7
7820,325.7,331.7,319.7
7821,355.7,391.7,319.7
7822,320.7,320.7,320.7
7823,325.2,320.7,329.7
7824,320.7,320.7,320.7
7825,341.7,339.7,343.7
7826,341.2,361.7,320.7
7827,339.7,349.7,329.7
7828,330.7,321.7,339.7
7829,320.7,319.7,321.7
7830,320.2,320.7,319.7
7831,360.7,331.7,389.7
7832,335.7,340.7,330.7
7833,320.2,320.7,319.7
7834,330.2,329.7,330.7
7835,350.2,379.7,320.7
7836,345.7,361.7,329.7
7837,340.2,359.7,320.7
7838,338.2,320.7,355.7
7839,345.7,360.7,330.7
7840,334.7,348.7,320.7
7841,347.7,361.7,333.7
7842,351.2,341.7,360.7
7843,344.7,368.7,320.7
7844,335.2,330.7,339.7
7845,330.7,340.7,320.7
7846,320.7,321.7,319.7
7847,337.2,354.7,319.7
7848,320.2,319.7,320.7
7849,350.2,330.7,369.7
7850,340.2,359.7,320.7
7851,325.2,320.7,329.7
7852,321.2,320.7,321.7
7853,340.7,359.7,321.7
7854,343.2,364.7,321.7
7855,342.7,364.7,320.7
7856,325.7,329.7,321.7
7857,324.2,329.7,318.7
7858,324.7,329.7,319.7
7859,340.2,320.7,359.7
7860,328.7,319.7,337.7
7861,330.7,330.7,330.7
7862,359.7,359.7,359.7
7863,325.2,329.7,320.7
7864,339.2,357.7,320.7
7865,340.2,360.7,319.7
7866,339.2,319.7,358.7
7867,320.2,319.7,320.7
7868,320.7,320.7,320.7
7869,340.2,359.7,320.7
7870,320.7,320.7,320.7
7871,321.2,321.7,320.7
7872,319.7,319.7,319.7
7873,320.2,319.7,320.7
7874,319.7,319.7,319.7
7875,320.7,320.7,320.7
7876,340.2,358.7,321.7
7877,324.7,329.7,319.7
7878,324.2,321.7,326.7
7879,325.2,330.7,319.7
7880,344.2,350.7,337.7
7881,320.2,320.7,319.7
7882,332.2,320.7,343.7
7883,341.2,320.7,361.7
7884,320.7,320.7,320.7
7885,340.7,340.7,340.7
7886,325.2,320.7,329.7
7887,330.7,339.7,321.7
7888,324.2,319.7,328.7
7889,319.7,320.7,318.7
7890,360.2,360.7,359.7
7891,326.7,319.7,333.7
7892,335.2,340.7,329.7
7893,321.7,321.7,321.7
7894,321.2,320.7,321.7
7895,337.2,319.7,354.7
7896,321.2,321.7,320.7
7897,328.7,328.7,328.7
7898,339.7,319.7,359.7
7899,334.7,329.7,339.7
7900,325.2,329.7,320.7
7901,334.7,329.7,339.7
7902,331.7,320.7,342.7
7903,339.7,359.7,319.7
7904,321.2,321.7,320.7
7905,325.2,329.7,320.7
7906,319.7,319.7,319.7
7907,320.2,320.7,319.7
7908,320.7,320.7,320.7
7909,320.7,320.7,320.7
7910,320.7,320.7,320.7
7911,319.7,320.7,318.7
7912,333.2,345.7,320.7
7913,327.7,319.7,335.7
7914,336.2,352.7,319.7
7915,340.7,361.7,319.7
7916,333.2,345.7,320.7
7917,340.2,359.7,320.7
7918,351.7,337.7,365.7
7919,321.2,321.7,320.7
7920,308.2,319.7,296.7
7921,341.2,361.7,320.7
7922,340.7,320.7,360.7
7923,325.2,319.7,330.7
7924,320.7,320.7,320.7
7925,325.7,330.7,320.7
7926,330.2,319.7,340.7
7927,341.2,361.7,320.7
7928,332.2,328.7,335.7
7929,332.7,344.7,320.7
7930,325.7,330.7,320.7
7931,332.2,342.7,321.7
7932,321.2,320.7,321.7
7933,320.7,320.7,320.7
7934,339.7,357.7,321.7
7935,339.7,319.7,359.7
7936,367.7,320.7,414.7
7937,319.7,318.7,320.7
7938,340.7,320.7,360.7
7939,319.7,319.7,319.7
7940,320.2,320.7,319.7
7941,320.7,320.7,320.7
7942,355.7,321.7,389.7
7943,320.7,320.7,320.7
7944,340.2,320.7,359.7
7945,320.7,320.7,320.7
7946,364.2,369.7,358.7
7947,319.7,319.7,319.7
7948,320.7,320.7,320.7
7949,325.2,320.7,329.7
7950,320.7,320.7,320.7
7951,319.7,318.7,320.7
7952,320.7,320.7,320.7
7953,339.7,358.7,320.7
7954,320.7,319.7,321.7
7955,339.7,319.7,359.7
7956,320.7,319.7,321.7
7957,350.2,330.7,369.7
7958,324.2,318.7,329.7
7959,320.7,321.7,319.7
7960,360.7,360.7,360.7
7961,325.2,329.7,320.7
7962,352.2,329.7,374.7
7963,320.2,319.7,320.7
7964,337.7,354.7,320.7
7965,324.7,318.7,330.7
7966,325.7,330.7,320.7
7967,319.7,319.7,319.7
7968,341.2,360.7,321.7
7969,345.7,330.7,360.7
7970,320.7,321.7,319.7
7971,320.2,318.7,321.7
7972,326.2,330.7,321.7
7973,320.7,319.7,321.7
7974,339.7,318.7,360.7
7975,331.2,341.7,320.7
7976,320.2,319.7,320.7
7977,339.7,319.7,359.7
7978,328.2,336.7,319.7
7979,352.7,384.7,320.7
7980,349.7,378.7,320.7
7981,329.7,320.7,338.7
7982,334.7,349.7,319.7
7983,362.7,366.7,358.7
7984,340.2,320.7,359.7
7985,319.2,318.7,319.7
7986,320.7,320.7,320.7
7987,328.2,320.7,335.7
7988,333.7,330.7,336.7
7989,320.7,320.7,320.7
7990,325.2,329.7,320.7
7991,319.2,319.7,318.7
7992,339.7,319.7,359.7
7993,320.7,320.7,320.7
7994,345.2,330.7,359.7
7995,320.2,319.7,320.7
7996,345.7,360.7,330.7
7997,324.7,318.7,330.7
7998,321.2,321.7,320.7
7999,361.2,331.7,390.7
8000,352.2,383.7,320.7
8001,319.7,319.7,319.7
8002,343.2,350.7,335.7
8003,320.7,321.7,319.7
8004,320.7,321.7,319.7
8005,320.2,320.7,319.7
8006,343.7,320.7,366.7
8007,340.2,319.7,360.7
8008,320.2,320.7,319.7
8009,321.2,321.7,320.7
8010,345.2,359.7,330.7
8011,329.2,337.7,320.7
8012,322.2,320.7,323.7
8013,325.2,329.7,320.7
8014,333.7,346.7,320.7
8015,320.7,320.7,320.7
8016,320.7,320.7,320.7
8017,319.7,319.7,319.7
8018,320.2,320.7,319.7
8019,329.7,321.7,337.7
8020,320.7,320.7,320.7
8021,320.2,319.7,320.7
8022,344.7,321.7,367.7
8023,355.7,354.7,356.7
8024,340.2,320.7,359.7
8025,321.2,320.7,321.7
8026,330.7,330.7,330.7
8027,329.7,340.7,318.7
8028,327.7,319.7,335.7
8029,324.7,320.7,328.7
8030,345.7,360.7,330.7
8031,354.7,329.7,379.7
8032,325.2,319.7,330.7
8033,359.7,359.7,359.7
8034,319.7,319.7,319.7
8035,345.2,369.7,320.7
8036,320.2,320.7,319.7
8037,333.7,320.7,346.7
8038,318.7,318.7,318.7
8039,319.7,319.7,319.7
8040,324.7,329.7,319.7
8041,353.7,331.7,375.7
8042,329.2,330.7,327.7
8043,328.7,330.7,326.7
8044,330.2,340.7,319.7
8045,300.2,280.7,319.7
8046,320.7,320.7,320.7
8047,354.7,319.7,389.7
8048,345.7,329.7,361.7
8049,321.2,321.7,320.7
8050,320.2,320.7,319.7
8051,335.2,319.7,350.7
8052,321.2,321.7,320.7
8053,349.7,368.7,330.7
8054,324.7,319.7,329.7
8055,320.2,319.7,320.7
8056,344.2,360.7,327.7
8057,321.7,321.7,321.7
8058,319.7,319.7,319.7
8059,320.2,319.7,320.7
8060,320.2,319.7,320.7
8061,335.7,340.7,330.7
8062,334.2,349.7,318.7
8063,320.2,319.7,320.7
8064,320.7,320.7,320.7
8065,319.7,319.7,319.7
8066,330.2,339.7,320.7
8067,321.2,320.7,321.7
8068,325.2,319.7,330.7
8069,340.2,319.7,360.7
8070,339.2,319.7,358.7
8071,330.7,320.7,340.7
8072,324.2,318.7,329.7
8073,341.7,361.7,321.7
8074,351.2,360.7,341.7
8075,325.2,330.7,319.7
8076,341.2,319.7,362.7
8077,337.2,321.7,352.7
8078,320.7,319.7,321.7
8079,329.7,339.7,319.7
8080,353.2,345.7,360.7
8081,327.7,329.7,325.7
8082,321.7,321.7,321.7
8083,320.7,320.7,320.7
8084,360.2,380.7,339.7
8085,340.2,319.7,360.7
8086,360.2,358.7,361.7
8087,344.2,319.7,368.7
8088,320.2,320.7,319.7
8089,339.7,319.7,359.7
8090,320.7,320.7,320.7
8091,326.2,320.7,331.7
8092,325.7,329.7,321.7
8093,320.2,320.7,319.7
8094,320.2,320.7,319.7
8095,320.2,319.7,320.7
8096,358.7,348.7,368.7
8097,320.7,320.7,320.7
8098,355.2,351.7,358.7
8099,354.2,330.7,377.7
8100,320.2,318.7,321.7
8101,369.2,368.7,369.7
8102,326.2,321.7,330.7
8103,340.7,319.7,361.7
8104,320.7,320.7,320.7
8105,326.2,330.7,321.7
8106,319.2,318.7,319.7
8107,328.7,318.7,338.7
8108,345.2,359.7,330.7
8109,338.7,330.7,346.7
8110,344.2,319.7,368.7
8111,320.2,319.7,320.7
8112,319.7,319.7,319.7
8113,329.7,319.7,339.7
8114,344.2,359.7,328.7
8115,320.7,320.7,320.7
8116,334.2,320.7,347.7
8117,319.7,319.7,319.7
8118,325.7,320.7,330.7
8119,340.7,359.7,321.7
8120,330.2,340.7,319.7
8121,348.2,339.7,356.7
8122,320.7,321.7,319.7
8123,331.2,340.7,321.7
8124,344.7,319.7,369.7
8125,320.7,320.7,320.7
8126,340.7,360.7,320.7
8127,345.7,359.7,331.7
8128,320.7,320.7,320.7
8129,355.7,360.7,350.7
8130,316.2,340.7,291.7
8131,343.2,319.7,366.7
8132,320.2,319.7,320.7
8133,339.7,320.7,358.7
8134,319.7,319.7,319.7
8135,320.7,320.7,320.7
8136,320.7,320.7,320.7
8137,340.7,360.7,320.7
8138,344.2,358.7,329.7
8139,319.7,319.7,319.7
8140,361.2,360.7,361.7
8141,321.2,321.7,320.7
8142,337.2,354.7,319.7
8143,350.7,380.7,320.7
8144,325.2,329.7,320.7
8145,320.7,320.7,320.7
8146,334.7,347.7,321.7
8147,330.2,321.7,338.7
8148,360.2,360.7,359.7
8149,345.7,361.7,329.7
8150,320.2,320.7,319.7
8151,344.7,319.7,369.7
8152,326.7,319.7,333.7
8153,320.2,320.7,319.7
8154,330.2,319.7,340.7
8155,320.2,319.7,320.7
8156,325.2,329.7,320.7
8157,328.2,329.7,326.7
8158,325.2,320.7,329.7
8159,325.7,320.7,330.7
8160,335.7,351.7,319.7
8161,320.7,320.7,320.7
8162,341.2,320.7,361.7
8163,345.2,368.7,321.7
8164,339.7,360.7,318.7
8165,339.7,319.7,359.7
8166,357.2,388.7,325.7
8167,330.7,331.7,329.7
8168,329.7,329.7,329.7
8169,345.7,320.7,370.7
8170,365.7,370.7,360.7
8171,338.2,355.7,320.7
8172,320.2,319.7,320.7
8173,331.7,319.7,343.7
8174,339.7,359.7,319.7
8175,339.7,319.7,359.7
8176,348.2,337.7,358.7
8177,320.7,321.7,319.7
8178,339.7,320.7,358.7
8179,320.7,320.7,320.7
8180,320.2,319.7,320.7
8181,326.2,330.7,321.7
8182,352.7,383.7,321.7
8183,320.2,320.7,319.7
8184,348.2,320.7,375.7
8185,320.7,320.7,320.7
8186,363.7,368.7,358.7
8187,329.2,320.7,337.7
8188,364.2,340.7,387.7
8189,344.7,332.7,356.7
8190,320.7,321.7,319.7
8191,331.7,329.7,333.7
8192,325.2,330.7,319.7
8193,320.7,320.7,320.7
8194,319.7,319.7,319.7
8195,346.7,334.7,358.7
8196,320.2,319.7,320.7
8197,331.2,340.7,321.7
8198,321.2,321.7,320.7
8199,320.7,320.7,320.7
8200,326.2,330.7,321.7
8201,340.2,359.7,320.7
8202,320.7,320.7,320.7
8203,340.2,328.7,351.7
8204,326.7,332.7,320.7
8205,342.7,365.7,319.7
8206,319.7,319.7,319.7
8207,332.7,329.7,335.7
8208,330.7,330.7,330.7
8209,330.7,319.7,341.7
8210,341.2,320.7,361.7
8211,335.2,320.7,349.7
8212,359.7,380.7,338.7
8213,332.7,320.7,344.7
8214,324.7,319.7,329.7
8215,320.7,319.7,321.7
8216,345.2,330.7,359.7
8217,330.2,340.7,319.7
8218,320.2,320.7,319.7
8219,341.2,361.7,320.7
8220,328.2,321.7,334.7
8221,320.7,320.7,320.7
8222,344.7,320.7,368.7
8223,344.7,358.7,330.7
8224,335.7,319.7,351.7
8225,320.7,321.7,319.7
8226,344.2,318.7,369.7
8227,330.2,331.7,328.7
8228,361.7,361.7,361.7
8229,320.2,319.7,320.7
8230,324.7,330.7,318.7
8231,339.7,359.7,319.7
8232,330.7,339.7,321.7
8233,319.7,319.7,319.7
8234,326.2,331.7,320.7
8235,326.2,321.7,330.7
8236,315.7,320.7,310.7
8237,325.2,319.7,330.7
8238,365.2,369.7,360.7
8239,368.7,377.7,359.7
8240,329.7,319.7,339.7
8241,320.2,320.7,319.7
8242,320.2,320.7,319.7
8243,340.2,359.7,320.7
8244,329.2,338.7,319.7
8245,320.2,320.7,319.7
8246,321.7,321.7,321.7
8247,341.2,320.7,361.7
8248,330.7,331.7,329.7
8249,325.2,321.7,328.7
8250,349.7,319.7,379.7
8251,321.2,321.7,320.7
8252,325.2,319.7,330.7
8253,338.2,354.7,321.7
8254,319.2,318.7,319.7
8255,319.7,320.7,318.7
8256,320.2,321.7,318.7
8257,330.7,340.7,320.7
8258,328.7,320.7,336.7
8259,339.7,319.7,359.7
8260,320.7,320.7,320.7
8261,320.7,319.7,321.7
8262,351.2,319.7,382.7
8263,350.2,360.7,339.7
8264,324.2,319.7,328.7
8265,320.2,319.7,320.7
8266,339.7,359.7,319.7
8267,341.2,319.7,362.7
8268,352.2,345.7,358.7
8269,326.2,330.7,321.7
8270,339.7,358.7,320.7
8271,330.7,340.7,320.7
8272,345.7,370.7,320.7
8273,326.2,320.7,331.7
8274,325.2,329.7,320.7
8275,340.7,321.7,359.7
8276,340.7,360.7,320.7
8277,321.2,320.7,321.7
8278,325.2,329.7,320.7
8279,325.2,320.7,329.7
8280,343.2,320.7,365.7
8281,331.2,330.7,331.7
8282,326.2,321.7,330.7
8283,325.2,319.7,330.7
8284,339.2,358.7,319.7
8285,325.7,329.7,321.7
8286,340.2,358.7,321.7
8287,320.2,319.7,320.7
8288,341.7,361.7,321.7
8289,319.7,320.7,318.7
8290,325.2,319.7,330.7
8291,319.2,318.7,319.7
8292,338.2,320.7,355.7
8293,320.2,319.7,320.7
8294,331.2,320.7,341.7
8295,326.2,330.7,321.7
8296,320.7,319.7,321.7
8297,318.7,280.7,356.7
8298,325.2,319.7,330.7
8299,359.2,320.7,397.7
8300,340.2,359.7,320.7
8301,321.2,320.7,321.7
8302,328.7,319.7,337.7
8303,344.2,319.7,368.7
8304,325.2,320.7,329.7
8305,337.7,319.7,355.7
8306,349.2,378.7,319.7
8307,321.2,320.7,321.7
8308,321.2,321.7,320.7
8309,353.7,387.7,319.7
8310,348.7,339.7,357.7
8311,326.2,320.7,331.7
8312,336.2,351.7,320.7
8313,321.2,321.7,320.7
8314,325.2,329.7,320.7
8315,320.2,319.7,320.7
8316,320.7,320.7,320.7
8317,330.2,340.7,319.7
8318,320.7,320.7,320.7
8319,325.2,320.7,329.7
8320,326.2,321.7,330.7
8321,340.2,320.7,359.7
8322,331.2,321.7,340.7
8323,363.2,404.7,321.7
8324,323.7,320.7,326.7
8325,355.7,386.7,324.7
8326,320.2,319.7,320.7
8327,320.7,320.7,320.7
8328,320.7,320.7,320.7
8329,320.7,321.7,319.7
8330,321.7,321.7,321.7
8331,344.7,359.7,329.7
8332,330.7,340.7,320.7
8333,323.2,320.7,325.7
8334,324.2,319.7,328.7
8335,319.7,319.7,319.7
8336,326.7,320.7,332.7
8337,341.2,319.7,362.7
8338,320.7,320.7,320.7
8339,319.7,319.7,319.7
8340,332.2,342.7,321.7
8341,344.2,320.7,367.7
8342,355.2,341.7,368.7
8343,370.7,361.7,379.7
8344,326.2,320.7,331.7
8345,321.2,320.7,321.7
8346,331.7,341.7,321.7
8347,330.7,340.7,320.7
8348,330.7,330.7,330.7
8349,325.7,330.7,320.7
8350,330.2,320.7,339.7
8351,343.2,345.7,340.7
8352,319.7,319.7,319.7
8353,325.7,320.7,330.7
8354,319.7,320.7,318.7
8355,325.2,320.7,329.7
8356,348.7,376.7,320.7
8357,340.2,359.7,320.7
8358,340.7,360.7,320.7
8359,340.7,319.7,361.7
8360,325.2,329.7,320.7
8361,325.7,330.7,320.7
8362,320.7,320.7,320.7
8363,340.7,320.7,360.7
8364,335.2,350.7,319.7
8365,340.7,360.7,320.7
8366,325.7,329.7,321.7
8367,320.2,319.7,320.7
8368,345.2,371.7,318.7
8369,320.2,320.7,319.7
8370,340.7,360.7,320.7
8371,320.2,319.7,320.7
8372,331.7,330.7,332.7
8373,340.2,359.7,320.7
8374,350.7,330.7,370.7
8375,325.2,319.7,330.7
8376,320.7,320.7,320.7
8377,320.2,320.7,319.7
8378,344.2,367.7,320.7
8379,320.7,320.7,320.7
8380,327.7,319.7,335.7
8381,321.2,321.7,320.7
8382,341.2,360.7,321.7
8383,339.7,320.7,358.7
8384,319.7,318.7,320.7
8385,320.2,320.7,319.7
8386,320.7,320.7,320.7
8387,320.7,320.7,320.7
8388,327.7,335.7,319.7
8389,342.2,339.7,344.7
8390,320.7,320.7,320.7
8391,341.2,361.7,320.7
8392,321.2,321.7,320.7
8393,325.2,328.7,321.7
8394,325.7,330.7,320.7
8395,344.7,319.7,369.7
8396,324.2,319.7,328.7
8397,325.2,320.7,329.7
8398,320.7,320.7,320.7
8399,327.7,330.7,324.7
8400,320.2,320.7,319.7
8401,324.7,329.7,319.7
8402,339.2,357.7,320.7
8403,320.2,319.7,320.7
8404,320.2,319.7,320.7
8405,320.7,320.7,320.7
8406,325.7,320.7,330.7
8407,337.2,318.7,355.7
8408,330.7,340.7,320.7
8409,340.7,319.7,361.7
8410,340.7,359.7,321.7
8411,338.7,319.7,357.7
8412,319.7,320.7,318.7
8413,320.2,319.7,320.7
8414,320.7,319.7,321.7
8415,340.2,360.7,319.7
8416,363.2,363.7,362.7
8417,320.2,319.7,320.7
8418,320.2,320.7,319.7
8419,320.7,320.7,320.7
8420,321.2,321.7,320.7
8421,324.7,319.7,329.7
8422,320.7,320.7,320.7
8423,319.7,318.7,320.7
8424,335.2,339.7,330.7
8425,328.7,331.7,325.7
8426,331.2,321.7,340.7
8427,320.2,319.7,320.7
8428,320.2,319.7,320.7
8429,320.2,320.7,319.7
8430,320.7,320.7,320.7
8431,325.7,329.7,321.7
8432,330.2,338.7,321.7
8433,321.2,321.7,320.7
8434,319.7,320.7,318.7
8435,338.7,356.7,320.7
8436,330.2,330.7,329.7
8437,320.7,319.7,321.7
8438,320.7,320.7,320.7
8439,334.7,349.7,319.7
8440,325.2,320.7,329.7
8441,319.7,319.7,319.7
8442,321.2,320.7,321.7
8443,341.2,320.7,361.7
8444,325.7,320.7,330.7
8445,349.7,339.7,359.7
8446,319.2,318.7,319.7
8447,339.7,319.7,359.7
8448,340.2,360.7,319.7
8449,325.2,330.7,319.7
8450,330.7,320.7,340.7
8451,334.7,339.7,329.7
8452,320.7,320.7,320.7
8453,320.7,320.7,320.7
8454,325.7,331.7,319.7
8455,340.2,319.7,360.7
8456,325.7,320.7,330.7
8457,343.7,358.7,328.7
8458,329.2,328.7,329.7
8459,319.7,319.7,319.7
8460,331.2,320.7,341.7
8461,340.7,359.7,321.7
8462,320.2,319.7,320.7
8463,324.7,319.7,329.7
8464,320.7,319.7,321.7
8465,319.7,319.7,319.7
8466,324.7,319.7,329.7
8467,321.2,320.7,321.7
8468,326.7,331.7,321.7
8469,389.2,408.7,369.7
8470,320.7,320.7,320.7
8471,319.2,318.7,319.7
8472,320.7,320.7,320.7
8473,320.7,320.7,320.7
8474,321.2,320.7,321.7
8475,340.7,321.7,359.7
8476,321.7,321.7,321.7
8477,320.2,320.7,319.7
8478,325.2,321.7,328.7
8479,320.2,321.7,318.7
8480,320.7,321.7,319.7
8481,320.7,320.7,320.7
8482,320.7,320.7,320.7
8483,324.7,319.7,329.7
8484,320.7,320.7,320.7
8485,321.7,321.7,321.7
8486,320.2,320.7,319.7
8487,325.2,319.7,330.7
8488,354.2,330.7,377.7
8489,324.7,320.7,328.7
8490,341.2,360.7,321.7
8491,340.2,359.7,320.7
8492,320.7,319.7,321.7
8493,320.2,319.7,320.7
8494,320.2,320.7,319.7
8495,325.2,330.7,319.7
8496,325.2,330.7,319.7
8497,340.7,320.7,360.7
8498,345.7,370.7,320.7
8499,349.7,319.7,379.7
8500,320.2,320.7,319.7
8501,320.2,320.7,319.7
8502,330.2,340.7,319.7
8503,339.2,359.7,318.7
8504,361.2,402.7,319.7
8505,324.7,319.7,329.7
8506,339.2,340.7,337.7
8507,320.2,319.7,320.7
8508,320.7,320.7,320.7
8509,325.2,330.7,319.7
8510,320.2,319.7,320.7
8511,321.2,320.7,321.7
8512,320.2,320.7,319.7
8513,329.7,319.7,339.7
8514,319.7,320.7,318.7
8515,339.7,360.7,318.7
8516,338.2,345.7,330.7
8517,338.2,319.7,356.7
8518,323.2,321.7,324.7
8519,321.7,321.7,321.7
8520,319.7,319.7,319.7
8521,345.7,329.7,361.7
8522,320.2,319.7,320.7
8523,320.7,320.7,320.7
8524,319.7,318.7,320.7
8525,339.2,320.7,357.7
8526,321.7,321.7,321.7
8527,330.2,339.7,320.7
8528,346.7,361.7,331.7
8529,370.2,380.7,359.7
8530,337.7,321.7,353.7
8531,320.2,319.7,320.7
8532,325.2,321.7,328.7
8533,325.2,329.7,320.7
8534,320.2,319.7,320.7
8535,345.2,350.7,339.7
8536,320.2,319.7,320.7
8537,334.7,319.7,349.7
8538,326.7,332.7,320.7
8539,320.2,319.7,320.7
8540,319.7,319.7,319.7
8541,337.7,320.7,354.7
8542,343.2,319.7,366.7
8543,339.7,319.7,359.7
8544,325.2,320.7,329.7
8545,320.2,320.7,319.7
8546,320.7,321.7,319.7
8547,320.2,321.7,318.7
8548,320.7,321.7,319.7
8549,337.2,330.7,343.7
8550,320.7,320.7,320.7
8551,350.2,359.7,340.7
8552,318.7,318.7,318.7
8553,320.7,319.7,321.7
8554,336.2,350.7,321.7
8555,341.7,320.7,362.7
8556,329.7,319.7,339.7
8557,321.2,321.7,320.7
8558,340.2,319.7,360.7
8559,320.7,321.7,319.7
8560,364.7,359.7,369.7
8561,333.7,346.7,320.7
8562,320.2,319.7,320.7
8563,340.2,329.7,350.7
8564,330.7,320.7,340.7
8565,356.2,371.7,340.7
8566,341.2,320.7,361.7
8567,325.2,320.7,329.7
8568,366.7,334.7,398.7
8569,319.7,319.7,319.7
8570,321.2,320.7,321.7
8571,321.2,320.7,321.7
8572,331.2,340.7,321.7
8573,320.7,319.7,321.7
8574,339.2,358.7,319.7
8575,340.2,360.7,319.7
8576,345.2,320.7,369.7
8577,325.2,320.7,329.7
8578,340.2,320.7,359.7
8579,325.7,319.7,331.7
8580,321.2,321.7,320.7
8581,320.2,320.7,319.7
8582,320.2,321.7,318.7
8583,325.7,320.7,330.7
8584,320.7,320.7,320.7
8585,324.7,320.7,328.7
8586,326.2,321.7,330.7
8587,356.2,379.7,332.7
8588,345.7,320.7,370.7
8589,321.7,321.7,321.7
8590,320.2,320.7,319.7
8591,330.2,320.7,339.7
8592,319.7,319.7,319.7
8593,337.7,336.7,338.7
8594,349.2,377.7,320.7
8595,319.7,320.7,318.7
8596,340.2,320.7,359.7
8597,340.7,321.7,359.7
8598,339.7,359.7,319.7
8599,320.2,319.7,320.7
8600,330.2,340.7,319.7
8601,320.7,320.7,320.7
8602,319.7,320.7,318.7
8603,339.2,329.7,348.7
8604,337.7,321.7,353.7
8605,325.7,330.7,320.7
8606,324.7,329.7,319.7
8607,321.2,320.7,321.7
8608,339.2,319.7,358.7
8609,340.2,360.7,319.7
8610,320.7,320.7,320.7
8611,345.2,339.7,350.7
8612,344.7,359.7,329.7
8613,343.2,360.7,325.7
8614,353.7,346.7,360.7
8615,320.2,320.7,319.7
8616,320.7,321.7,319.7
8617,340.7,361.7,319.7
8618,320.2,320.7,319.7
8619,320.7,320.7,320.7
8620,321.2,320.7,321.7
8621,320.2,319.7,320.7
8622,319.7,318.7,320.7
8623,325.7,330.7,320.7
8624,319.7,319.7,319.7
8625,326.2,320.7,331.7
8626,340.7,360.7,320.7
8627,329.2,319.7,338.7
8628,327.2,333.7,320.7
8629,320.2,319.7,320.7
8630,330.2,320.7,339.7
8631,320.7,320.7,320.7
8632,320.7,320.7,320.7
8633,337.7,320.7,354.7
8634,340.2,320.7,359.7
8635,361.2,342.7,379.7
8636,320.2,320.7,319.7
8637,319.7,319.7,319.7
8638,350.7,339.7,361.7
8639,324.2,329.7,318.7
8640,325.7,329.7,321.7
8641,320.2,319.7,320.7
8642,357.7,318.7,396.7
8643,338.2,355.7,320.7
8644,339.2,357.7,320.7
8645,340.2,320.7,359.7
8646,332.2,344.7,319.7
8647,320.2,320.7,319.7
8648,340.7,360.7,320.7
8649,320.7,320.7,320.7
8650,340.2,349.7,330.7
8651,320.7,319.7,321.7
8652,325.7,330.7,320.7
8653,363.7,361.7,365.7
8654,348.7,354.7,342.7
8655,336.2,331.7,340.7
8656,325.2,330.7,319.7
8657,320.7,320.7,320.7
8658,319.2,318.7,319.7
8659,320.2,320.7,319.7
8660,320.2,320.7,319.7
8661,337.2,354.7,319.7
8662,334.7,329.7,339.7
8663,324.7,328.7,320.7
8664,319.7,320.7,318.7
8665,321.2,320.7,321.7
8666,326.7,329.7,323.7
8667,320.2,319.7,320.7
8668,336.2,340.7,331.7
8669,321.2,320.7,321.7
8670,324.7,319.7,329.7
8671,326.2,331.7,320.7
8672,321.2,321.7,320.7
8673,338.7,358.7,318.7
8674,345.2,330.7,359.7
8675,325.7,330.7,320.7
8676,341.2,360.7,321.7
8677,325.7,330.7,320.7
8678,324.7,328.7,320.7
8679,330.2,340.7,319.7
8680,341.2,361.7,320.7
8681,320.7,320.7,320.7
8682,320.2,320.7,319.7
8683,324.2,319.7,328.7
8684,320.2,320.7,319.7
8685,326.2,321.7,330.7
8686,340.2,320.7,359.7
8687,336.2,350.7,321.7
8688,320.7,320.7,320.7
8689,320.7,321.7,319.7
8690,330.2,340.7,319.7
8691,347.7,359.7,335.7
8692,320.7,320.7,320.7
8693,320.7,319.7,321.7
8694,329.7,339.7,319.7
8695,340.2,319.7,360.7
8696,320.7,321.7,319.7
8697,361.2,360.7,361.7
8698,325.2,329.7,320.7
8699,320.2,320.7,319.7
8700,339.2,358.7,319.7
8701,338.2,355.7,320.7
8702,350.7,379.7,321.7
8703,340.7,360.7,320.7
8704,345.7,370.7,320.7
8705,319.2,318.7,319.7
8706,300.7,319.7,281.7
8707,329.7,339.7,319.7
8708,320.7,319.7,321.7
8709,333.2,321.7,344.7
8710,339.7,359.7,319.7
8711,319.7,319.7,319.7
8712,330.2,329.7,330.7
8713,321.2,320.7,321.7
8714,320.7,320.7,320.7
8715,319.7,319.7,319.7
8716,324.7,320.7,328.7
8717,320.7,321.7,319.7
8718,359.2,359.7,358.7
8719,326.7,319.7,333.7
8720,346.2,320.7,371.7
8721,341.2,360.7,321.7
8722,320.7,319.7,321.7
8723,320.7,320.7,320.7
8724,343.7,368.7,318.7
8725,320.7,320.7,320.7
8726,325.2,320.7,329.7
8727,329.7,339.7,319.7
8728,321.2,320.7,321.7
8729,320.2,319.7,320.7
8730,362.7,359.7,365.7
8731,320.7,321.7,319.7
8732,320.2,319.7,320.7
8733,326.2,330.7,321.7
8734,345.2,319.7,370.7
8735,320.7,320.7,320.7
8736,330.7,319.7,341.7
8737,340.7,319.7,361.7
8738,349.2,378.7,319.7
8739,330.2,320.7,339.7
8740,355.7,389.7,321.7
8741,320.7,319.7,321.7
8742,339.7,319.7,359.7
8743,320.7,319.7,321.7
8744,330.2,329.7,330.7
8745,320.2,320.7,319.7
8746,339.7,359.7,319.7
8747,325.2,329.7,320.7
8748,329.7,320.7,338.7
8749,350.7,321.7,379.7
8750,325.2,329.7,320.7
8751,325.2,320.7,329.7
8752,325.7,320.7,330.7
8753,329.7,320.7,338.7
8754,324.2,318.7,329.7
8755,319.7,319.7,319.7
8756,321.2,320.7,321.7
8757,337.7,355.7,319.7
8758,319.7,319.7,319.7
8759,330.2,319.7,340.7
8760,321.7,321.7,321.7
8761,339.2,320.7,357.7
8762,321.2,321.7,320.7
8763,360.2,361.7,358.7
8764,357.2,384.7,329.7
8765,344.7,358.7,330.7
8766,321.7,321.7,321.7
8767,320.7,320.7,320.7
8768,321.2,320.7,321.7
8769,340.7,360.7,320.7
8770,324.2,328.7,319.7
8771,320.2,319.7,320.7
8772,345.2,370.7,319.7
8773,320.7,320.7,320.7
8774,341.2,361.7,320.7
8775,320.7,320.7,320.7
8776,359.7,359.7,359.7
8777,340.2,359.7,320.7
8778,307.7,320.7,294.7
8779,344.7,369.7,319.7
8780,320.2,319.7,320.7
8781,321.2,320.7,321.7
8782,327.7,320.7,334.7
8783,319.7,319.7,319.7
8784,340.7,360.7,320.7
8785,319.7,319.7,319.7
8786,320.2,320.7,319.7
8787,336.7,343.7,329.7
8788,320.7,320.7,320.7
8789,343.2,320.7,365.7
8790,319.7,319.7,319.7
8791,324.7,330.7,318.7
8792,344.2,330.7,357.7
8793,320.7,320.7,320.7
8794,370.7,380.7,360.7
8795,319.7,319.7,319.7
8796,320.7,320.7,320.7
8797,350.2,358.7,341.7
8798,349.2,378.7,319.7
8799,325.2,329.7,320.7
8800,341.2,361.7,320.7
8801,345.2,330.7,359.7
8802,331.2,320.7,341.7
8803,326.2,321.7,330.7
8804,332.7,334.7,330.7
8805,321.2,321.7,320.7
8806,325.7,331.7,319.7
8807,356.2,361.7,350.7
8808,320.7,320.7,320.7
8809,324.2,329.7,318.7
8810,345.2,359.7,330.7
8811,319.7,319.7,319.7
8812,340.7,320.7,360.7
8813,320.2,320.7,319.7
8814,325.7,329.7,321.7
8815,320.2,320.7,319.7
8816,339.7,319.7,359.7
8817,319.7,319.7,319.7
8818,340.7,360.7,320.7
8819,341.7,361.7,321.7
8820,353.2,329.7,376.7
8821,350.7,332.7,368.7
8822,320.7,320.7,320.7
8823,328.2,335.7,320.7
8824,325.7,320.7,330.7
8825,330.7,320.7,340.7
8826,337.7,319.7,355.7
8827,319.7,318.7,320.7
8828,326.2,357.7,294.7
8829,327.2,332.7,321.7
8830,340.2,320.7,359.7
8831,331.2,321.7,340.7
8832,321.2,320.7,321.7
8833,325.2,320.7,329.7
8834,339.2,358.7,319.7
8835,345.7,320.7,370.7
8836,330.7,339.7,321.7
8837,324.7,328.7,320.7
8838,320.7,320.7,320.7
8839,320.2,321.7,318.7
8840,333.2,337.7,328.7
8841,344.7,319.7,369.7
8842,368.7,374.7,362.7
8843,334.7,339.7,329.7
8844,345.2,320.7,369.7
8845,333.2,339.7,326.7
8846,330.2,329.7,330.7
8847,339.7,320.7,358.7
8848,320.2,319.7,320.7
8849,319.7,319.7,319.7
8850,325.7,330.7,320.7
8851,352.2,339.7,364.7
8852,330.2,340.7,319.7
8853,321.2,321.7,320.7
8854,320.7,320.7,320.7
8855,324.7,328.7,320.7
8856,330.7,320.7,340.7
8857,320.7,319.7,321.7
8858,352.2,382.7,321.7
8859,358.7,377.7,339.7
8860,350.7,339.7,361.7
8861,340.7,359.7,321.7
8862,320.2,320.7,319.7
8863,327.7,320.7,334.7
8864,321.2,321.7,320.7
8865,352.7,345.7,359.7
8866,325.2,319.7,330.7
8867,340.7,321.7,359.7
8868,341.7,321.7,361.7
8869,325.2,321.7,328.7
8870,330.2,319.7,340.7
8871,323.7,320.7,326.7
8872,320.7,319.7,321.7
8873,320.2,320.7,319.7
8874,320.2,319.7,320.7
8875,319.7,320.7,318.7
8876,320.7,320.7,320.7
8877,337.7,320.7,354.7
8878,320.2,319.7,320.7
8879,335.2,329.7,340.7
8880,325.7,319.7,331.7
8881,325.2,330.7,319.7
8882,326.2,330.7,321.7
8883,320.2,319.7,320.7
8884,355.7,321.7,389.7
8885,325.7,320.7,330.7
8886,320.2,319.7,320.7
8887,320.2,319.7,320.7
8888,319.7,320.7,318.7
8889,330.2,319.7,340.7
8890,321.2,321.7,320.7
8891,359.2,358.7,359.7
8892,371.2,375.7,366.7
8893,320.2,320.7,319.7
8894,345.7,320.7,370.7
8895,364.2,358.7,369.7
8896,324.7,329.7,319.7
8897,325.7,320.7,330.7
8898,339.7,320.7,358.7
8899,325.2,319.7,330.7
8900,320.7,320.7,320.7
8901,324.2,329.7,318.7
8902,324.7,329.7,319.7
8903,333.7,330.7,336.7
8904,335.7,350.7,320.7
8905,320.7,319.7,321.7
8906,320.7,321.7,319.7
8907,339.7,319.7,359.7
8908,348.7,346.7,350.7
8909,354.7,339.7,369.7
8910,340.2,335.7,344.7
8911,320.7,320.7,320.7
8912,369.7,359.7,379.7
8913,336.2,350.7,321.7
8914,319.7,319.7,319.7
8915,325.7,320.7,330.7
8916,320.7,320.7,320.7
8917,320.2,320.7,319.7
8918,359.2,350.7,367.7
8919,329.2,328.7,329.7
8920,319.7,319.7,319.7
8921,321.2,321.7,320.7
8922,330.2,330.7,329.7
8923,328.7,330.7,326.7
8924,320.7,320.7,320.7
8925,320.2,319.7,320.7
8926,321.2,320.7,321.7
8927,325.2,330.7,319.7
8928,320.2,320.7,319.7
8929,325.7,331.7,319.7
8930,334.2,347.7,320.7
8931,338.2,320.7,355.7
8932,355.2,320.7,389.7
8933,325.7,321.7,329.7
8934,331.7,341.7,321.7
8935,365.2,370.7,359.7
8936,321.2,320.7,321.7
8937,320.7,320.7,320.7
8938,319.7,319.7,319.7
8939,319.7,319.7,319.7
8940,350.7,341.7,359.7
8941,335.2,349.7,320.7
8942,320.2,319.7,320.7
8943,321.7,321.7,321.7
8944,335.7,350.7,320.7
8945,340.2,359.7,320.7
8946,320.2,319.7,320.7
8947,360.2,398.7,321.7
8948,350.7,321.7,379.7
8949,354.7,387.7,321.7
8950,319.7,320.7,318.7
8951,325.7,330.7,320.7
8952,325.7,330.7,320.7
8953,325.7,330.7,320.7
8954,328.7,319.7,337.7
8955,341.2,321.7,360.7
8956,320.7,320.7,320.7
8957,321.2,321.7,320.7
8958,340.2,320.7,359.7
8959,374.2,368.7,379.7
8960,341.7,361.7,321.7
8961,330.7,330.7,330.7
8962,341.2,320.7,361.7
8963,319.7,319.7,319.7
8964,320.2,320.7,319.7
8965,332.7,330.7,334.7
8966,320.7,320.7,320.7
8967,347.2,359.7,334.7
8968,320.7,320.7,320.7
8969,320.7,320.7,320.7
8970,338.7,356.7,320.7
8971,320.7,320.7,320.7
8972,319.2,318.7,319.7
8973,319.7,319.7,319.7
8974,320.7,320.7,320.7
8975,325.2,330.7,319.7
8976,325.2,320.7,329.7
8977,339.7,319.7,359.7
8978,340.2,321.7,358.7
8979,340.7,360.7,320.7
8980,345.7,361.7,329.7
8981,329.2,321.7,336.7
8982,349.7,337.7,361.7
8983,320.2,320.7,319.7
8984,339.7,319.7,359.7
8985,340.7,321.7,359.7
8986,342.7,340.7,344.7
8987,321.2,320.7,321.7
8988,332.2,343.7,320.7
8989,334.2,321.7,346.7
8990,340.7,319.7,361.7
8991,320.7,319.7,321.7
8992,319.7,320.7,318.7
8993,321.2,321.7,320.7
8994,327.7,321.7,333.7
8995,379.7,390.7,368.7
8996,346.2,360.7,331.7
8997,320.7,320.7,320.7
8998,321.7,321.7,321.7
8999,320.2,319.7,320.7
9000,348.7,361.7,335.7
9001,341.2,320.7,361.7
9002,353.2,345.7,360.7
9003,320.2,320.7,319.7
9004,343.2,360.7,325.7
9005,354.2,348.7,359.7
9006,340.7,320.7,360.7
9007,325.2,320.7,329.7
9008,355.2,320.7,389.7
9009,325.2,320.7,329.7
9010,320.2,319.7,320.7
9011,320.7,320.7,320.7
9012,320.2,321.7,318.7
9013,320.7,320.7,320.7
9014,320.2,320.7,319.7
9015,340.2,319.7,360.7
9016,319.7,319.7,319.7
9017,339.7,360.7,318.7
9018,340.7,360.7,320.7
9019,344.7,329.7,359.7
9020,325.2,329.7,320.7
9021,322.2,319.7,324.7
9022,357.7,319.7,395.7
9023,344.7,320.7,368.7
9024,321.2,321.7,320.7
9025,360.7,359.7,361.7
9026,339.7,358.7,320.7
9027,321.2,321.7,320.7
9028,320.7,321.7,319.7
9029,360.2,360.7,359.7
9030,319.7,319.7,319.7
9031,325.7,320.7,330.7
9032,325.2,320.7,329.7
9033,333.2,319.7,346.7
9034,331.2,341.7,320.7
9035,349.7,330.7,368.7
9036,320.2,319.7,320.7
9037,325.7,320.7,330.7
9038,320.7,320.7,320.7
9039,325.7,320.7,330.7
9040,330.7,330.7,330.7
9041,319.7,319.7,319.7
9042,357.7,356.7,358.7
9043,326.2,321.7,330.7
9044,324.7,329.7,319.7
9045,353.7,335.7,371.7
9046,325.2,320.7,329.7
9047,320.2,320.7,319.7
9048,341.2,350.7,331.7
9049,350.2,330.7,369.7
9050,353.2,320.7,385.7
9051,321.2,321.7,320.7
9052,330.2,330.7,329.7
9053,339.7,359.7,319.7
9054,324.7,329.7,319.7
9055,320.2,319.7,320.7
9056,340.2,320.7,359.7
9057,334.7,347.7,321.7
9058,328.2,334.7,321.7
9059,320.7,320.7,320.7
9060,321.2,320.7,321.7
9061,320.7,320.7,320.7
9062,345.7,320.7,370.7
9063,325.7,320.7,330.7
9064,341.2,320.7,361.7
9065,320.7,320.7,320.7
9066,320.2,319.7,320.7
9067,319.7,318.7,320.7
9068,321.7,321.7,321.7
9069,330.2,330.7,329.7
9070,355.2,356.7,353.7
9071,345.2,369.7,320.7
9072,326.2,331.7,320.7
9073,305.2,318.7,291.7
9074,345.7,372.7,318.7
9075,332.7,342.7,322.7
9076,320.2,320.7,319.7
9077,335.2,350.7,319.7
9078,326.2,331.7,320.7
9079,324.7,319.7,329.7
9080,320.7,320.7,320.7
9081,339.7,358.7,320.7
9082,338.7,319.7,357.7
9083,356.2,391.7,320.7
9084,330.2,319.7,340.7
9085,320.2,319.7,320.7
9086,321.2,321.7,320.7
9087,325.2,319.7,330.7
9088,320.2,319.7,320.7
9089,331.2,341.7,320.7
9090,364.7,369.7,359.7
9091,320.2,319.7,320.7
9092,340.7,321.7,359.7
9093,341.2,321.7,360.7
9094,319.7,319.7,319.7
9095,321.2,320.7,321.7
9096,341.2,320.7,361.7
9097,363.2,406.7,319.7
9098,336.7,318.7,354.7
9099,320.2,320.7,319.7
9100,316.7,352.7,280.7
9101,319.7,319.7,319.7
9102,321.2,321.7,320.7
9103,321.2,320.7,321.7
9104,360.2,320.7,399.7
9105,357.2,353.7,360.7
9106,355.2,320.7,389.7
9107,325.2,319.7,330.7
9108,320.2,319.7,320.7
9109,320.2,320.7,319.7
9110,329.2,281.7,376.7
9111,325.7,320.7,330.7
9112,366.2,364.7,367.7
9113,320.2,320.7,319.7
9114,325.2,320.7,329.7
9115,336.2,350.7,321.7
9116,344.7,329.7,359.7
9117,319.7,319.7,319.7
9118,344.2,359.7,328.7
9119,350.2,339.7,360.7
9120,345.7,350.7,340.7
9121,338.7,328.7,348.7
9122,340.7,320.7,360.7
9123,352.2,360.7,343.7
9124,325.2,319.7,330.7
9125,319.7,319.7,319.7
9126,321.7,321.7,321.7
9127,330.2,330.7,329.7
9128,319.7,318.7,320.7
9129,319.2,318.7,319.7
9130,346.2,330.7,361.7
9131,325.7,320.7,330.7
9132,324.7,319.7,329.7
9133,341.2,361.7,320.7
9134,325.2,330.7,319.7
9135,319.7,319.7,319.7
9136,319.7,319.7,319.7
9137,326.2,320.7,331.7
9138,322.2,320.7,323.7
9139,321.2,320.7,321.7
9140,352.7,341.7,363.7
9141,325.2,319.7,330.7
9142,323.2,320.7,325.7
9143,355.7,341.7,369.7
9144,320.7,321.7,319.7
9145,363.2,318.7,407.7
9146,340.2,320.7,359.7
9147,325.7,321.7,329.7
9148,321.2,320.7,321.7
9149,320.2,319.7,320.7
9150,333.7,346.7,320.7
9151,330.7,340.7,320.7
9152,345.2,359.7,330.7
9153,339.2,320.7,357.7
9154,345.2,320.7,369.7
9155,326.2,330.7,321.7
9156,321.2,320.7,321.7
9157,320.7,320.7,320.7
9158,329.7,339.7,319.7
9159,324.7,329.7,319.7
9160,320.7,320.7,320.7
9161,345.2,330.7,359.7
9162,320.2,320.7,319.7
9163,328.7,321.7,335.7
9164,345.2,359.7,330.7
9165,332.2,333.7,330.7
9166,307.7,320.7,294.7
9167,356.2,340.7,371.7
9168,339.7,319.7,359.7
9169,332.7,335.7,329.7
9170,321.2,320.7,321.7
9171,325.2,329.7,320.7
9172,354.7,378.7,330.7
9173,320.2,319.7,320.7
9174,354.2,348.7,359.7
9175,330.2,319.7,340.7
9176,339.2,321.7,356.7
9177,329.2,321.7,336.7
9178,334.2,319.7,348.7
9179,341.2,320.7,361.7
9180,365.2,370.7,359.7
9181,364.7,339.7,389.7
9182,320.2,319.7,320.7
9183,321.2,320.7,321.7
9184,349.7,319.7,379.7
9185,320.2,321.7,318.7
9186,320.7,320.7,320.7
9187,340.2,359.7,320.7
9188,349.7,319.7,379.7
9189,325.7,320.7,330.7
9190,320.7,320.7,320.7
9191,390.7,381.7,399.7
9192,320.2,320.7,319.7
9193,325.2,319.7,330.7
9194,330.2,340.7,319.7
9195,320.2,320.7,319.7
9196,320.7,320.7,320.7
9197,327.7,335.7,319.7
9198,325.7,330.7,320.7
9199,331.7,343.7,319.7
9200,354.7,379.7,329.7
9201,349.7,329.7,369.7
9202,385.2,368.7,401.7
9203,320.2,319.7,320.7
9204,324.2,328.7,319.7
9205,320.7,320.7,320.7
9206,320.2,320.7,319.7
9207,329.7,340.7,318.7
9208,344.7,359.7,329.7
9209,325.2,320.7,329.7
9210,340.2,320.7,359.7
9211,321.2,320.7,321.7
9212,322.7,319.7,325.7
9213,320.7,320.7,320.7
9214,341.2,320.7,361.7
9215,330.7,340.7,320.7
9216,330.2,339.7,320.7
9217,320.7,320.7,320.7
9218,335.2,319.7,350.7
9219,320.2,319.7,320.7
9220,336.2,320.7,351.7
9221,321.7,321.7,321.7
9222,339.7,360.7,318.7
9223,325.2,319.7,330.7
9224,344.2,319.7,368.7
9225,320.2,319.7,320.7
9226,334.7,349.7,319.7
9227,375.7,358.7,392.7
9228,329.7,319.7,339.7
9229,325.7,320.7,330.7
9230,345.2,359.7,330.7
9231,340.7,320.7,360.7
9232,339.7,320.7,358.7
9233,345.2,329.7,360.7
9234,339.2,338.7,339.7
9235,332.7,318.7,346.7
9236,365.2,398.7,331.7
9237,302.2,321.7,282.7
9238,340.2,360.7,319.7
9239,323.7,321.7,325.7
9240,330.7,340.7,320.7
9241,366.7,412.7,320.7
9242,329.7,318.7,340.7
9243,319.2,319.7,318.7
9244,340.7,320.7,360.7
9245,321.2,320.7,321.7
9246,345.7,370.7,320.7
9247,339.7,359.7,319.7
9248,325.7,320.7,330.7
9249,350.2,320.7,379.7
9250,340.2,320.7,359.7
9251,337.2,319.7,354.7
9252,320.2,319.7,320.7
9253,365.2,361.7,368.7
9254,319.7,318.7,320.7
9255,340.2,360.7,319.7
9256,320.2,320.7,319.7
9257,359.7,359.7,359.7
9258,320.7,320.7,320.7
9259,354.7,349.7,359.7
9260,340.7,360.7,320.7
9261,327.7,333.7,321.7
9262,320.2,320.7,319.7
9263,320.7,321.7,319.7
9264,340.2,359.7,320.7
9265,349.2,378.7,319.7
9266,321.7,321.7,321.7
9267,330.7,341.7,319.7
9268,340.2,320.7,359.7
9269,340.2,320.7,359.7
9270,340.7,319.7,361.7
9271,320.2,319.7,320.7
9272,342.7,360.7,324.7
9273,325.2,330.7,319.7
9274,321.2,320.7,321.7
9275,320.7,320.7,320.7
9276,341.2,360.7,321.7
9277,336.2,320.7,351.7
9278,321.2,320.7,321.7
9279,321.7,321.7,321.7
9280,320.2,320.7,319.7
9281,325.2,328.7,321.7
9282,345.7,361.7,329.7
9283,337.7,355.7,319.7
9284,343.7,320.7,366.7
9285,320.7,320.7,320.7
9286,320.7,320.7,320.7
9287,320.2,320.7,319.7
9288,320.2,319.7,320.7
9289,339.7,358.7,320.7
9290,340.7,320.7,360.7
9291,341.2,321.7,360.7
9292,330.7,339.7,321.7
9293,350.7,379.7,321.7
9294,329.7,339.7,319.7
9295,339.7,359.7,319.7
9296,325.7,330.7,320.7
9297,319.7,319.7,319.7
9298,329.7,339.7,319.7
9299,320.2,319.7,320.7
9300,339.7,320.7,358.7
9301,321.2,320.7,321.7
9302,339.7,319.7,359.7
9303,340.2,359.7,320.7
9304,339.7,319.7,359.7
9305,340.7,319.7,361.7
9306,325.7,321.7,329.7
9307,320.2,319.7,320.7
9308,324.7,319.7,329.7
9309,344.7,319.7,369.7
9310,328.2,341.7,314.7
9311,326.2,321.7,330.7
9312,340.2,320.7,359.7
9313,319.7,319.7,319.7
9314,330.2,340.7,319.7
9315,341.2,320.7,361.7
9316,320.7,320.7,320.7
9317,319.7,318.7,320.7
9318,320.2,319.7,320.7
9319,330.2,329.7,330.7
9320,326.2,330.7,321.7
9321,361.7,363.7,359.7
9322,325.7,329.7,321.7
9323,318.7,318.7,318.7
9324,319.2,318.7,319.7
9325,322.7,319.7,325.7
9326,320.2,318.7,321.7
9327,359.2,319.7,398.7
9328,349.7,339.7,359.7
9329,320.7,321.7,319.7
9330,337.2,354.7,319.7
9331,329.2,329.7,328.7
9332,325.2,320.7,329.7
9333,341.7,361.7,321.7
9334,330.2,320.7,339.7
9335,320.7,319.7,321.7
9336,325.7,331.7,319.7
9337,360.7,361.7,359.7
9338,324.7,330.7,318.7
9339,340.2,359.7,320.7
9340,347.2,320.7,373.7
9341,321.7,321.7,321.7
9342,320.2,320.7,319.7
9343,320.7,321.7,319.7
9344,329.2,339.7,318.7
9345,334.2,319.7,348.7
9346,325.2,329.7,320.7
9347,335.7,351.7,319.7
9348,325.7,331.7,319.7
9349,331.2,330.7,331.7
9350,378.2,389.7,366.7
9351,320.7,320.7,320.7
9352,354.2,386.7,321.7
9353,320.7,319.7,321.7
9354,330.7,341.7,319.7
9355,337.7,354.7,320.7
9356,340.2,320.7,359.7
9357,320.7,320.7,320.7
9358,320.2,319.7,320.7
9359,341.2,320.7,361.7
9360,345.7,319.7,371.7
9361,321.2,321.7,320.7
9362,340.2,359.7,320.7
9363,339.7,359.7,319.7
9364,320.2,320.7,319.7
9365,319.7,320.7,318.7
9366,320.7,321.7,319.7
9367,324.7,320.7,328.7
9368,339.7,319.7,359.7
9369,335.7,350.7,320.7
9370,325.7,321.7,329.7
9371,332.2,342.7,321.7
9372,360.2,361.7,358.7
9373,320.2,320.7,319.7
9374,320.7,319.7,321.7
9375,330.2,330.7,329.7
9376,319.7,319.7,319.7
9377,320.7,320.7,320.7
9378,339.7,319.7,359.7
9379,343.7,330.7,356.7
9380,320.2,320.7,319.7
9381,320.2,320.7,319.7
9382,335.2,319.7,350.7
9383,341.2,360.7,321.7
9384,320.2,320.7,319.7
9385,325.2,330.7,319.7
9386,340.2,320.7,359.7
9387,340.2,320.7,359.7
9388,319.2,318.7,319.7
9389,320.2,320.7,319.7
9390,300.7,321.7,279.7
9391,356.2,320.7,391.7
9392,339.2,319.7,358.7
9393,320.7,320.7,320.7
9394,320.2,319.7,320.7
9395,344.7,368.7,320.7
9396,330.2,320.7,339.7
9397,320.7,320.7,320.7
9398,340.7,360.7,320.7
9399,320.7,320.7,320.7
9400,357.2,394.7,319.7
9401,320.2,320.7,319.7
9402,319.2,318.7,319.7
9403,340.7,320.7,360.7
9404,325.7,331.7,319.7
9405,320.7,319.7,321.7
9406,319.7,319.7,319.7
9407,321.7,321.7,321.7
9408,345.7,321.7,369.7
9409,334.2,320.7,347.7
9410,321.2,320.7,321.7
9411,318.7,318.7,318.7
9412,330.7,330.7,330.7
9413,335.7,321.7,349.7
9414,337.7,354.7,320.7
9415,329.7,320.7,338.7
9416,340.2,321.7,358.7
9417,327.7,335.7,319.7
9418,320.2,320.7,319.7
9419,326.2,330.7,321.7
9420,319.2,319.7,318.7
9421,320.2,320.7,319.7
9422,320.2,320.7,319.7
9423,320.2,320.7,319.7
9424,320.2,320.7,319.7
9425,320.7,321.7,319.7
9426,325.2,320.7,329.7
9427,319.7,318.7,320.7
9428,344.7,329.7,359.7
9429,320.7,320.7,320.7
9430,320.2,319.7,320.7
9431,319.7,319.7,319.7
9432,325.2,318.7,331.7
9433,320.7,320.7,320.7
9434,344.7,359.7,329.7
9435,340.2,360.7,319.7
9436,328.7,336.7,320.7
9437,330.7,320.7,340.7
9438,339.7,358.7,320.7
9439,320.2,319.7,320.7
9440,341.7,320.7,362.7
9441,319.7,319.7,319.7
9442,320.7,320.7,320.7
9443,328.2,336.7,319.7
9444,338.7,356.7,320.7
9445,325.7,329.7,321.7
9446,339.2,339.7,338.7
9447,320.7,320.7,320.7
9448,328.7,319.7,337.7
9449,340.2,360.7,319.7
9450,340.7,361.7,319.7
9451,325.2,329.7,320.7
9452,320.7,319.7,321.7
9453,321.7,319.7,323.7
9454,324.7,319.7,329.7
9455,320.7,319.7,321.7
9456,325.7,330.7,320.7
9457,340.7,320.7,360.7
9458,330.2,340.7,319.7
9459,320.7,321.7,319.7
9460,322.7,320.7,324.7
9461,320.7,320.7,320.7
9462,347.7,365.7,329.7
9463,325.7,320.7,330.7
9464,326.7,332.7,320.7
9465,320.2,319.7,320.7
9466,321.2,321.7,320.7
9467,320.7,320.7,320.7
9468,339.2,319.7,358.7
9469,323.2,318.7,327.7
9470,331.2,331.7,330.7
9471,321.2,320.7,321.7
9472,348.7,356.7,340.7
9473,320.7,320.7,320.7
9474,320.2,319.7,320.7
9475,321.2,321.7,320.7
9476,351.7,370.7,332.7
9477,326.2,318.7,333.7
9478,320.7,320.7,320.7
9479,344.7,368.7,320.7
9480,319.7,318.7,320.7
9481,340.7,360.7,320.7
9482,321.2,321.7,320.7
9483,319.7,319.7,319.7
9484,334.7,339.7,329.7
9485,340.2,320.7,359.7
9486,330.7,321.7,339.7
9487,324.7,328.7,320.7
9488,339.7,321.7,357.7
9489,341.2,357.7,324.7
9490,320.2,319.7,320.7
9491,364.7,389.7,339.7
9492,379.7,330.7,428.7
9493,320.7,320.7,320.7
9494,339.7,359.7,319.7
9495,330.7,320.7,340.7
9496,330.7,320.7,340.7
9497,339.2,319.7,358.7
9498,325.2,320.7,329.7
9499,304.2,281.7,326.7
9500,345.2,320.7,369.7
9501,325.7,321.7,329.7
9502,340.2,359.7,320.7
9503,340.2,320.7,359.7
9504,325.7,330.7,320.7
9505,321.2,320.7,321.7
9506,319.7,319.7,319.7
9507,325.2,329.7,320.7
9508,340.7,320.7,360.7
9509,339.2,358.7,319.7
9510,330.2,319.7,340.7
9511,337.7,320.7,354.7
9512,319.7,318.7,320.7
9513,331.7,329.7,333.7
9514,326.2,330.7,321.7
9515,335.7,350.7,320.7
9516,321.2,320.7,321.7
9517,319.7,319.7,319.7
9518,340.7,330.7,350.7
9519,357.2,354.7,359.7
9520,320.2,320.7,319.7
9521,338.7,356.7,320.7
9522,335.7,340.7,330.7
9523,325.7,321.7,329.7
9524,330.2,339.7,320.7
9525,334.2,319.7,348.7
9526,340.2,359.7,320.7
9527,319.2,319.7,318.7
9528,326.7,331.7,321.7
9529,346.2,321.7,370.7
9530,325.2,329.7,320.7
9531,330.7,321.7,339.7
9532,320.2,320.7,319.7
9533,325.7,319.7,331.7
9534,321.2,321.7,320.7
9535,340.2,359.7,320.7
9536,320.7,320.7,320.7
9537,330.2,320.7,339.7
9538,335.2,349.7,320.7
9539,319.2,320.7,317.7
9540,320.7,320.7,320.7
9541,339.7,320.7,358.7
9542,338.2,354.7,321.7
9543,330.2,319.7,340.7
9544,324.2,319.7,328.7
9545,342.2,320.7,363.7
9546,325.7,320.7,330.7
9547,320.7,320.7,320.7
9548,306.7,320.7,292.7
9549,331.2,340.7,321.7
9550,340.2,319.7,360.7
9551,319.2,319.7,318.7
9552,311.7,281.7,341.7
9553,339.7,360.7,318.7
9554,370.7,350.7,390.7
9555,339.7,319.7,359.7
9556,330.7,321.7,339.7
9557,339.2,320.7,357.7
9558,320.7,320.7,320.7
9559,347.2,320.7,373.7
9560,325.7,320.7,330.7
9561,320.7,319.7,321.7
9562,326.2,321.7,330.7
9563,325.2,320.7,329.7
9564,328.7,321.7,335.7
9565,320.2,320.7,319.7
9566,340.2,320.7,359.7
9567,320.2,320.7,319.7
9568,325.2,330.7,319.7
9569,340.7,320.7,360.7
9570,340.2,320.7,359.7
9571,320.7,319.7,321.7
9572,320.7,320.7,320.7
9573,319.2,319.7,318.7
9574,320.2,320.7,319.7
9575,335.2,321.7,348.7
9576,320.7,320.7,320.7
9577,343.7,320.7,366.7
9578,321.2,321.7,320.7
9579,328.2,320.7,335.7
9580,320.7,320.7,320.7
9581,325.7,330.7,320.7
9582,345.7,321.7,369.7
9583,320.2,320.7,319.7
9584,321.2,320.7,321.7
9585,320.7,320.7,320.7
9586,325.7,329.7,321.7
9587,340.2,319.7,360.7
9588,325.7,320.7,330.7
9589,343.2,356.7,329.7
9590,319.7,320.7,318.7
9591,352.2,343.7,360.7
9592,341.7,352.7,330.7
9593,339.2,359.7,318.7
9594,320.2,319.7,320.7
9595,345.2,329.7,360.7
9596,365.2,370.7,359.7
9597,341.2,321.7,360.7
9598,341.2,360.7,321.7
9599,300.2,280.7,319.7
9600,320.2,319.7,320.7
9601,341.2,360.7,321.7
9602,324.7,319.7,329.7
9603,325.7,330.7,320.7
9604,328.7,320.7,336.7
9605,325.2,330.7,319.7
9606,321.7,321.7,321.7
9607,320.7,321.7,319.7
9608,319.7,318.7,320.7
9609,330.7,340.7,320.7
9610,319.7,319.7,319.7
9611,340.7,360.7,320.7
9612,321.2,320.7,321.7
9613,319.7,319.7,319.7
9614,322.7,320.7,324.7
9615,340.2,360.7,319.7
9616,354.7,319.7,389.7
9617,320.2,320.7,319.7
9618,320.2,320.7,319.7
9619,340.2,320.7,359.7
9620,324.2,329.7,318.7
9621,337.2,330.7,343.7
9622,319.2,318.7,319.7
9623,325.2,320.7,329.7
9624,320.7,319.7,321.7
9625,326.2,321.7,330.7
9626,357.7,359.7,355.7
9627,320.2,319.7,320.7
9628,350.2,319.7,380.7
9629,339.2,358.7,319.7
9630,320.2,320.7,319.7
9631,345.7,370.7,320.7
9632,324.2,329.7,318.7
9633,347.7,356.7,338.7
9634,326.2,320.7,331.7
9635,338.2,357.7,318.7
9636,340.2,320.7,359.7
9637,368.2,378.7,357.7
9638,320.7,320.7,320.7
9639,345.2,368.7,321.7
9640,320.7,320.7,320.7
9641,320.2,319.7,320.7
9642,340.7,320.7,360.7
9643,339.7,320.7,358.7
9644,320.7,320.7,320.7
9645,325.2,329.7,320.7
9646,356.2,351.7,360.7
9647,319.2,318.7,319.7
9648,319.7,319.7,319.7
9649,320.7,320.7,320.7
9650,320.7,320.7,320.7
9651,319.7,319.7,319.7
9652,330.7,340.7,320.7
9653,339.2,359.7,318.7
9654,321.2,320.7,321.7
9655,331.2,341.7,320.7
9656,340.2,320.7,359.7
9657,351.2,361.7,340.7
9658,338.7,321.7,355.7
9659,345.2,319.7,370.7
9660,320.2,320.7,319.7
9661,321.2,320.7,321.7
9662,333.2,345.7,320.7
9663,320.7,320.7,320.7
9664,347.2,373.7,320.7
9665,355.2,339.7,370.7
9666,324.7,320.7,328.7
9667,332.2,320.7,343.7
9668,337.2,320.7,353.7
9669,336.2,330.7,341.7
9670,350.2,321.7,378.7
9671,331.7,339.7,323.7
9672,320.2,320.7,319.7
9673,320.7,320.7,320.7
9674,301.2,281.7,320.7
9675,332.2,342.7,321.7
9676,360.7,383.7,337.7
9677,319.7,319.7,319.7
9678,335.7,340.7,330.7
9679,319.7,318.7,320.7
9680,325.2,328.7,321.7
9681,321.2,320.7,321.7
9682,320.7,321.7,319.7
9683,331.7,330.7,332.7
9684,341.2,361.7,320.7
9685,326.7,333.7,319.7
9686,341.2,360.7,321.7
9687,339.7,318.7,360.7
9688,321.2,321.7,320.7
9689,337.2,319.7,354.7
9690,325.7,321.7,329.7
9691,320.7,319.7,321.7
9692,320.7,320.7,320.7
9693,350.2,339.7,360.7
9694,325.2,320.7,329.7
9695,320.7,320.7,320.7
9696,340.2,319.7,360.7
9697,320.7,320.7,320.7
9698,319.7,319.7,319.7
9699,324.7,319.7,329.7
9700,320.7,320.7,320.7
9701,320.7,319.7,321.7
9702,320.2,319.7,320.7
9703,320.7,320.7,320.7
9704,320.7,320.7,320.7
9705,320.2,319.7,320.7
9706,320.7,321.7,319.7
9707,320.2,320.7,319.7
9708,341.2,361.7,320.7
9709,338.7,340.7,336.7
9710,319.7,318.7,320.7
9711,325.2,320.7,329.7
9712,319.2,319.7,318.7
9713,332.7,344.7,320.7
9714,330.2,329.7,330.7
9715,320.2,320.7,319.7
9716,320.7,320.7,320.7
9717,325.2,320.7,329.7
9718,356.2,351.7,360.7
9719,320.7,320.7,320.7
9720,320.7,320.7,320.7
9721,320.2,320.7,319.7
9722,320.7,320.7,320.7
9723,340.2,359.7,320.7
9724,326.2,331.7,320.7
9725,345.7,369.7,321.7
9726,325.7,320.7,330.7
9727,320.2,320.7,319.7
9728,319.2,319.7,318.7
9729,320.7,319.7,321.7
9730,330.7,321.7,339.7
9731,332.7,345.7,319.7
9732,327.2,319.7,334.7
9733,345.2,330.7,359.7
9734,350.2,339.7,360.7
9735,301.2,320.7,281.7
9736,321.7,321.7,321.7
9737,321.2,320.7,321.7
9738,325.7,330.7,320.7
9739,320.7,319.7,321.7
9740,320.2,320.7,319.7
9741,320.2,320.7,319.7
9742,330.2,338.7,321.7
9743,320.2,320.7,319.7
9744,320.2,320.7,319.7
9745,360.2,361.7,358.7
9746,337.7,355.7,319.7
9747,355.7,352.7,358.7
9748,329.7,319.7,339.7
9749,320.7,320.7,320.7
9750,320.2,319.7,320.7
9751,340.2,359.7,320.7
9752,325.2,329.7,320.7
9753,339.7,319.7,359.7
9754,339.2,359.7,318.7
9755,320.7,320.7,320.7
9756,325.2,329.7,320.7
9757,321.2,320.7,321.7
9758,319.2,318.7,319.7
9759,320.7,320.7,320.7
9760,345.7,371.7,319.7
9761,319.7,319.7,319.7
9762,319.7,319.7,319.7
9763,338.7,320.7,356.7
9764,366.2,320.7,411.7
9765,320.2,319.7,320.7
9766,321.7,321.7,321.7
9767,320.2,320.7,319.7
9768,319.7,319.7,319.7
9769,355.2,350.7,359.7
9770,321.2,321.7,320.7
9771,320.2,320.7,319.7
9772,328.7,335.7,321.7
9773,320.7,320.7,320.7
9774,330.2,319.7,340.7
9775,340.7,321.7,359.7
9776,301.7,281.7,321.7
9777,339.7,319.7,359.7
9778,321.2,321.7,320.7
9779,320.7,320.7,320.7
9780,325.7,319.7,331.7
9781,320.7,320.7,320.7
9782,320.7,320.7,320.7
9783,333.7,320.7,346.7
9784,320.2,319.7,320.7
9785,340.2,321.7,358.7
9786,343.7,319.7,367.7
9787,320.2,320.7,319.7
9788,320.2,319.7,320.7
9789,320.2,320.7,319.7
9790,320.7,320.7,320.7
9791,321.2,320.7,321.7
9792,331.7,342.7,320.7
9793,320.7,319.7,321.7
9794,320.2,319.7,320.7
9795,330.2,320.7,339.7
9796,340.2,359.7,320.7
9797,330.2,320.7,339.7
9798,320.7,319.7,321.7
9799,325.2,329.7,320.7
9800,339.7,320.7,358.7
9801,319.7,319.7,319.7
9802,339.7,319.7,359.7
9803,320.2,319.7,320.7
9804,320.7,319.7,321.7
9805,325.7,331.7,319.7
9806,320.7,321.7,319.7
9807,320.2,320.7,319.7
9808,320.7,320.7,320.7
9809,321.2,321.7,320.7
9810,325.7,330.7,320.7
9811,340.2,329.7,350.7
9812,337.7,320.7,354.7
9813,339.2,358.7,319.7
9814,324.2,318.7,329.7
9815,329.2,319.7,338.7
9816,325.2,329.7,320.7
9817,319.7,318.7,320.7
9818,319.7,319.7,319.7
9819,320.2,319.7,320.7
9820,321.2,321.7,320.7
9821,340.7,359.7,321.7
9822,326.7,329.7,323.7
9823,320.7,320.7,320.7
9824,320.2,320.7,319.7
9825,320.2,321.7,318.7
9826,320.2,320.7,319.7
9827,350.2,368.7,331.7
9828,324.2,329.7,318.7
9829,325.7,330.7,320.7
9830,321.7,321.7,321.7
9831,339.7,320.7,358.7
9832,339.7,318.7,360.7
9833,344.7,359.7,329.7
9834,358.2,358.7,357.7
9835,320.7,320.7,320.7
9836,320.7,320.7,320.7
9837,349.7,319.7,379.7
9838,325.7,319.7,331.7
9839,358.7,320.7,396.7
9840,321.2,321.7,320.7
9841,321.2,320.7,321.7
9842,324.7,329.7,319.7
9843,340.2,358.7,321.7
9844,319.7,319.7,319.7
9845,359.7,329.7,389.7
9846,320.2,319.7,320.7
9847,329.2,321.7,336.7
9848,320.7,321.7,319.7
9849,320.2,320.7,319.7
9850,320.7,321.7,319.7
9851,340.7,320.7,360.7
9852,333.2,344.7,321.7
9853,319.7,318.7,320.7
9854,339.2,359.7,318.7
9855,325.7,320.7,330.7
9856,319.2,318.7,319.7
9857,339.7,319.7,359.7
9858,337.7,330.7,344.7
9859,354.2,341.7,366.7
9860,319.7,319.7,319.7
9861,320.7,320.7,320.7
9862,321.7,321.7,321.7
9863,330.7,321.7,339.7
9864,344.7,369.7,319.7
9865,330.7,340.7,320.7
9866,339.7,319.7,359.7
9867,321.2,321.7,320.7
9868,319.7,319.7,319.7
9869,325.2,320.7,329.7
9870,320.2,319.7,320.7
9871,320.7,320.7,320.7
9872,320.2,320.7,319.7
9873,322.7,320.7,324.7
9874,321.2,321.7,320.7
9875,343.7,347.7,339.7
9876,340.2,359.7,320.7
9877,345.7,330.7,360.7
9878,349.2,320.7,377.7
9879,340.2,359.7,320.7
9880,325.2,320.7,329.7
9881,337.2,319.7,354.7
9882,321.2,321.7,320.7
9883,339.2,319.7,358.7
9884,341.7,361.7,321.7
9885,320.7,320.7,320.7
9886,320.2,320.7,319.7
9887,320.7,320.7,320.7
9888,350.2,330.7,369.7
9889,320.2,319.7,320.7
9890,320.7,320.7,320.7
9891,340.2,320.7,359.7
9892,320.7,319.7,321.7
9893,325.2,330.7,319.7
9894,320.2,320.7,319.7
9895,320.2,319.7,320.7
9896,320.2,320.7,319.7
9897,340.7,359.7,321.7
9898,325.7,319.7,331.7
9899,340.7,321.7,359.7
9900,321.7,321.7,321.7
9901,320.2,321.7,318.7
9902,340.2,360.7,319.7
9903,339.7,319.7,359.7
9904,336.2,319.7,352.7
9905,320.7,320.7,320.7
9906,300.2,319.7,280.7
9907,326.2,321.7,330.7
9908,327.7,335.7,319.7
9909,337.2,354.7,319.7
9910,325.2,319.7,330.7
9911,330.2,320.7,339.7
9912,320.2,319.7,320.7
9913,320.7,320.7,320.7
9914,321.2,321.7,320.7
9915,347.7,375.7,319.7
9916,340.2,320.7,359.7
9917,321.7,321.7,321.7
9918,320.2,320.7,319.7
9919,350.2,379.7,320.7
9920,321.2,320.7,321.7
9921,325.2,329.7,320.7
9922,321.2,321.7,320.7
9923,330.2,319.7,340.7
9924,301.2,320.7,281.7
9925,320.2,320.7,319.7
9926,305.2,329.7,280.7
9927,320.2,321.7,318.7
9928,326.2,321.7,330.7
9929,350.2,369.7,330.7
9930,344.2,358.7,329.7
9931,320.2,320.7,319.7
9932,320.2,320.7,319.7
9933,321.2,321.7,320.7
9934,319.7,320.7,318.7
9935,320.2,320.7,319.7
9936,320.7,320.7,320.7
9937,320.7,320.7,320.7
9938,325.2,319.7,330.7
9939,341.2,360.7,321.7
9940,320.7,320.7,320.7
9941,321.2,320.7,321.7
9942,321.2,320.7,321.7
9943,320.2,319.7,320.7
9944,319.7,319.7,319.7
9945,320.7,320.7,320.7
9946,359.7,359.7,359.7
9947,320.7,320.7,320.7
9948,326.2,320.7,331.7
9949,332.2,318.7,345.7
9950,340.2,320.7,359.7
9951,335.7,319.7,351.7
9952,319.7,319.7,319.7
9953,320.2,319.7,320.7
9954,319.7,320.7,318.7
9955,355.7,331.7,379.7
9956,320.2,320.7,319.7
9957,320.7,320.7,320.7
9958,337.2,352.7,321.7
9959,320.2,320.7,319.7
9960,343.7,347.7,339.7
9961,319.7,318.7,320.7
9962,320.2,319.7,320.7
9963,320.7,320.7,320.7
9964,320.2,319.7,320.7
9965,354.2,388.7,319.7
9966,356.2,321.7,390.7
9967,341.2,360.7,321.7
9968,320.7,320.7,320.7
9969,320.7,320.7,320.7
9970,348.2,359.7,336.7
9971,320.2,319.7,320.7
9972,344.2,368.7,319.7
9973,338.2,321.7,354.7
9974,329.2,337.7,320.7
9975,320.2,320.7,319.7
9976,320.2,319.7,320.7
9977,324.7,329.7,319.7
9978,340.2,320.7,359.7
9979,339.7,320.7,358.7
9980,320.2,319.7,320.7
9981,340.7,320.7,360.7
9982,320.7,320.7,320.7
9983,320.2,320.7,319.7
9984,330.2,338.7,321.7
9985,327.2,333.7,320.7
9986,325.7,330.7,320.7
9987,335.7,320.7,350.7
9988,320.2,320.7,319.7
9989,320.2,319.7,320.7
9990,320.7,320.7,320.7
9991,329.7,338.7,320.7
9992,320.2,319.7,320.7
9993,320.2,318.7,321.7
9994,325.2,329.7,320.7
9995,324.7,320.7,328.7
9996,320.2,320.7,319.7
9997,324.7,328.7,320.7
9998,341.2,360.7,321.7
9999,320.2,320.7,319.7
10000,354.7,359.7,349.7
